code,name,geography,2020,2019,2018,2017,2016,2015,2014,2013,2012,2011,2010,2009,2008,2007,2006,2005,2004,2003,2002,2001,2000,1999,1998,1997,1996,1995,1994,1993,1992,1991
K02000001,United Kingdom,Country,67081234,66796807,66435550,66040229,65648054,65110034,64596752,64105654,63705030,63285145,62759456,62260486,61823772,61319075,60827067,60413276,59950364,59636662,59365677,59113016,58886065,58684427,58474943,58314249,58164374,58024799,57862145,57713889,57584530,57438658
K03000001,Great Britain,Country,65185724,64903140,64553909,64169395,63785917,63258413,62756254,62275929,61881396,61470827,60954623,60467153,60044620,59557392,59083954,58685543,58236322,57931738,57668143,57424178,57203121,57005421,56797174,56642988,56502623,56375668,56218438,56078337,55961267,55831363
E92000001,England,Country,56550138,56286961,55977178,55619430,55268067,54786327,54316618,53865817,53493729,53107169,52642452,52196381,51815853,51381093,50965186,50606034,50194600,49925517,49679267,49449746,49233311,49032872,48820583,48664777,48519129,48383461,48228781,48102319,47997973,47875035
E12000001,North East,Region,2680763,2669941,2657909,2644727,2636589,2624579,2618736,2610563,2602387,2596441,2586868,2575441,2569312,2562045,2552568,2547127,2540502,2540461,2540600,2540090,2543421,2550314,2560883,2568066,2576450,2582715,2588661,2593948,2591333,2586986
E06000057,Northumberland,Unitary Authority,323820,322434,320274,319030,317444,316453,316832,316389,316489,316278,315463,314489,314057,312960,311375,310752,310140,309448,308499,307363,307348,307490,307241,306756,305804,305931,306545,306129,306086,305521
E08000037,Gateshead,Metropolitan District,201950,202055,202508,202419,202628,201724,200781,200098,200272,200349,198731,197481,196078,194934,193615,192857,192317,192115,191559,191178,191912,193276,194344,195935,197183,198473,199629,200673,201290,201682
E08000021,Newcastle Upon Tyne,Metropolitan District,306824,302820,300196,295842,293713,290764,288340,285821,281893,279092,276681,273422,271649,271577,270258,269608,266884,266862,267001,266241,267623,270975,274455,278164,280903,281289,281158,282735,278727,275009
E08000022,North Tyneside,Metropolitan District,208871,207913,205985,204473,203575,202725,202857,202167,201444,201206,200164,199017,197964,196470,195365,194120,193195,193037,192739,192003,190708,190062,191000,190548,191154,191775,192246,193405,194015,194550
E08000023,South Tyneside,Metropolitan District,151133,150976,150265,149555,149194,148495,148572,148384,148311,148164,148468,148509,148626,148642,148887,149585,150265,151181,152210,152793,153112,153627,154402,155052,155586,155788,156064,156646,156710,156659
E08000024,Sunderland,Metropolitan District,277846,277705,277417,277249,277307,276813,276782,276089,275764,275330,275980,276209,276812,277834,278370,279199,280113,281528,283037,284601,285720,287527,289709,290804,292268,293891,295295,296882,296325,295896
E12000002,North West,Region,7367456,7341196,7292093,7258627,7223961,7175178,7133026,7103488,7084470,7055961,7019921,6986156,6958547,6929277,6901585,6870021,6840369,6814660,6784880,6772985,6774223,6773115,6792173,6794378,6809646,6827940,6838904,6846740,6841029,6843039
E10000006,Cumbria,County,499781,500012,498888,498375,498793,498581,498376,498499,499205,499817,500165,500786,500916,500779,498813,497040,494918,491329,488681,487795,487602,488145,489033,488170,486746,486791,487002,487165,487245,486263
E07000026,Allerdale,Non-metropolitan District,97831,97761,97527,97213,97099,96756,96532,96269,96269,96444,96301,96377,96186,95880,95279,95035,94846,94559,93816,93544,93590,94085,94791,94724,94487,94915,95216,95448,96145,96057
E07000027,Barrow-In-Furness,Non-metropolitan District,66726,67049,67137,67099,67532,67676,67769,67936,68471,69056,69429,69776,69844,70034,70267,70545,70845,70914,71340,71960,72115,72463,71821,72142,72563,72552,72668,73551,73489,73326
E07000028,Carlisle,Non-metropolitan District,108524,108678,108387,108274,108388,108109,108059,107992,107925,107475,106985,106966,107178,107293,106707,105562,104412,102777,101721,100764,100912,101192,101859,101890,101955,102494,102410,102051,102030,101318
E07000029,Copeland,Non-metropolitan District,68041,68183,68424,68689,69306,69688,69866,70052,70309,70627,70629,70662,70789,70677,70329,69899,69750,69273,69095,69251,69406,69850,69978,70383,70487,70473,70724,71028,71329,71463
E07000030,Eden,Non-metropolitan District,53754,53253,52881,52779,52642,52576,52649,52657,52687,52502,52678,52595,52427,52211,51891,51698,51393,50878,50276,49879,49476,49199,49088,48516,47813,47240,46785,46415,46121,45770
E07000031,South Lakeland,Non-metropolitan District,104905,105088,104532,104321,103826,103776,103501,103593,103544,103713,104143,104410,104492,104684,104340,104301,103672,102928,102433,102397,102103,101356,101496,100515,99441,99117,99199,98672,98131,98329
E08000001,Bolton,Metropolitan District,288248,287550,285372,284813,283536,281828,280788,280271,279084,277296,275168,273049,270497,268319,266816,265016,264511,263814,262367,261302,260183,260396,260882,259709,260056,260872,261493,261885,261586,261349
E08000002,Bury,Metropolitan District,190708,190990,190108,189628,188503,187788,187287,186468,186150,185422,184755,183885,183000,182713,181809,181028,180999,181405,181084,180655,180875,181020,180551,179656,179693,179906,180395,180156,179575,178330
E08000003,Manchester,Metropolitan District,555741,552858,547627,545501,541319,529809,518834,513665,510501,502902,492598,483784,477408,470538,463749,455745,444925,436727,428221,422915,421799,416438,417726,417698,422584,425699,425314,426887,427546,432676
E08000004,Oldham,Metropolitan District,237628,237110,235623,233759,232349,230197,228182,226966,225734,225157,223807,222811,221907,220723,220033,219288,218988,218490,218455,218537,218114,218420,218672,218942,219191,219046,219416,219519,219227,218482
E08000005,Rochdale,Metropolitan District,223659,222412,220001,218459,216350,214314,212976,212137,211947,211929,210758,210248,209666,208393,207845,207200,207286,207528,206697,206440,206088,204865,204499,204038,204691,205222,205256,205234,204575,203928
E08000006,Salford,Metropolitan District,262697,258834,254408,251332,248121,245186,241539,238674,236946,234487,231837,228948,226782,223468,221931,219536,217921,217312,216310,216978,218689,220018,221640,223906,225590,227204,227620,228988,229874,230821
E08000007,Stockport,Metropolitan District,294197,293423,291775,291045,289821,288169,286388,284890,283766,283253,282614,282263,281477,280953,280498,281195,282368,282932,283502,284557,284420,285824,287185,286343,286371,286406,287756,288383,288586,288577
E08000008,Tameside,Metropolitan District,227117,226493,225197,224119,223109,221507,220696,220545,220201,219727,218774,217417,216360,214750,214187,213474,213667,213470,213211,213087,212899,213567,214873,216081,215970,217379,218241,218670,218661,218020
E08000009,Trafford,Metropolitan District,237579,237354,236370,235493,234210,232975,232319,230146,228308,227091,225234,223065,220939,219359,217369,215430,214129,213031,211062,210172,211287,212951,214159,213492,214590,214733,215171,215401,215348,215799
E08000010,Wigan,Metropolitan District,330712,328662,326088,324650,323526,322244,321114,319810,318740,318122,316296,314363,311971,309403,308023,306143,304958,303846,302305,301453,301985,301989,301728,302058,302619,303717,304994,305892,306201,305582
E10000017,Lancashire,County,1227076,1219799,1210053,1201855,1195418,1188875,1182605,1178594,1175370,1171558,1167579,1164141,1163352,1161832,1159140,1154308,1149463,1144581,1138374,1136542,1132910,1129630,1129000,1127410,1125818,1125542,1123677,1121679,1117346,1116402
E07000117,Burnley,Non-metropolitan District,89344,88920,88527,87705,87496,87262,87194,86829,87091,87032,86902,87027,87328,87256,87646,87624,87923,88282,88842,89521,89731,90292,91279,90978,90541,89862,90561,91394,92309,91967
E07000118,Chorley,Non-metropolitan District,118870,118216,116821,115772,114266,112963,111623,110531,109075,107591,106443,105682,105396,104362,103807,103279,102778,102003,101142,100559,100043,98822,98558,97881,97104,97367,97171,97300,97128,96986
E07000119,Fylde,Non-metropolitan District,81211,80780,79770,78863,78153,77490,77140,76548,76073,76098,75610,75441,75230,75305,74824,74841,74667,74212,73658,73340,73105,72656,72947,72525,73031,72921,72772,72747,72246,71940
E07000120,Hyndburn,Non-metropolitan District,81133,81043,80815,80410,80392,80113,80150,79953,80160,80549,80876,81003,81176,81453,81491,81311,81280,81408,81233,81495,81069,80839,80867,80648,80628,80668,79870,79117,78812,78641
E07000121,Lancaster,Non-metropolitan District,148119,146038,144246,142487,141723,140787,140172,139835,139317,137823,137120,136013,135812,136235,136682,136764,135472,134635,133628,134049,133863,134596,133541,134386,134627,134231,133336,132260,130343,129582
E07000122,Pendle,Non-metropolitan District,92145,92112,91405,90696,90515,89925,89655,89973,89541,89576,89234,89287,89005,88819,88788,88312,88330,88559,88830,89277,88467,87824,87411,87296,87192,87472,87301,86894,86009,85541
E07000123,Preston,Non-metropolitan District,144147,143135,141818,141346,141023,140685,139907,140002,140456,140054,138831,137956,138443,138470,137784,136200,134410,132685,131110,130372,131199,131597,131758,132521,132247,131942,130902,130099,129595,130029
E07000124,Ribble Valley,Non-metropolitan District,62026,60888,60057,59504,58864,58519,58105,57878,57606,57292,57218,57004,57158,56986,56664,56358,56054,55400,54659,54053,53610,53132,52147,52133,51961,51343,51240,51239,51149,51789
E07000125,Rossendale,Non-metropolitan District,71432,71482,70895,70365,69787,69418,69104,68698,68332,68053,67824,67479,67063,66623,66199,65872,65623,65729,65556,65647,65359,65340,65232,65259,65397,65706,65769,65839,65823,65796
E07000126,South Ribble,Non-metropolitan District,111086,110788,110527,110400,110136,109685,109116,108964,108999,109181,108846,108609,107830,107128,106512,105753,105578,105149,104522,103949,103689,103169,102518,102319,102093,102294,102910,102884,102209,102560
E07000127,West Lancashire,Non-metropolitan District,114496,114306,113949,113881,113061,112482,111845,111216,110911,110617,110763,110583,110666,110720,110308,109806,109588,109273,108750,108480,108071,107861,109125,107949,108028,108720,109029,108948,109254,109053
E07000128,Wyre,Non-metropolitan District,113067,112091,111223,110426,110002,109546,108594,108167,107809,107692,107912,108057,108245,108475,108435,108188,107760,107246,106444,105800,104704,103502,103617,103515,102969,103016,102816,102958,102469,102518
E08000011,Knowsley,Metropolitan District,152452,150862,149571,148560,148001,147262,146429,146091,145942,145903,146398,147070,147822,148188,148788,148900,149216,149795,150506,151238,151392,151837,153168,152655,152714,152737,152719,153752,153882,155135
E08000012,Liverpool,Metropolitan District,500474,498042,494814,491549,487605,480873,474569,471789,470191,465656,461403,457523,454468,453582,453055,452278,448091,444960,443784,441858,446050,448417,453238,456432,461387,464670,468092,471283,473573,475614
E08000014,Sefton,Metropolitan District,275899,276410,275396,274589,274853,274089,273856,273372,273798,273969,273820,274153,274735,275085,275852,276957,278853,279913,280866,282884,283337,284162,285159,286457,287491,288953,290466,292199,292815,292935
E08000015,Wirral,Metropolitan District,324336,324011,323235,322796,322216,321700,321503,320670,320389,319837,319078,317771,316711,315670,315350,314925,315130,315371,315050,315004,316503,317011,318629,320382,322748,326277,328899,330802,332687,334269
E12000003,Yorkshire And The Humber,Region,5526350,5502967,5479615,5450130,5425370,5390211,5360117,5337940,5316897,5288212,5254788,5223344,5198675,5164138,5134016,5108408,5063199,5026314,5000111,4976643,4958609,4956325,4957703,4957561,4961254,4960575,4960087,4954142,4949033,4936100
E10000023,North Yorkshire,County,620610,618054,614505,611633,609538,606017,604730,604724,603508,601206,599028,596396,594979,591247,587299,584001,579959,576130,573186,570094,565610,562012,558107,555468,553703,551984,547753,544706,546103,541800
E07000163,Craven,Non-metropolitan District,57338,57142,56832,56604,56343,55826,55750,55594,55492,55459,55398,55326,55586,55395,55086,54888,54412,54060,53770,53706,53114,53024,52662,52340,51544,51205,51109,50859,50725,50317
E07000164,Hambleton,Non-metropolitan District,91932,91594,91134,90718,90591,90074,89915,89997,89794,89602,89096,88645,88482,87748,86995,85972,85598,85336,84844,84168,83975,83443,83247,82760,82801,82555,81829,80756,80698,79162
E07000165,Harrogate,Non-metropolitan District,161545,160831,160533,160044,159768,159916,159631,159679,159396,158683,157531,156511,155843,155068,154270,153673,152518,151821,151549,151467,149782,148440,146772,145925,145155,143765,142474,140885,140987,140225
E07000166,Richmondshire,Non-metropolitan District,53732,53730,53244,53699,53876,52565,52812,53897,53808,53287,52877,52440,52125,51626,51003,50351,49399,48465,47798,47067,46334,45241,45325,44099,44148,43821,43080,44173,45425,45331
E07000167,Ryedale,Non-metropolitan District,55629,55380,54920,54311,53861,53332,52848,52334,52157,51893,51949,52157,52100,52078,51851,51948,51613,51196,50847,50910,50295,50091,49682,49261,49191,48763,48407,47409,46789,46216
E07000168,Scarborough,Non-metropolitan District,108737,108757,108736,108370,108157,108089,108152,108330,108662,108735,109014,108943,109015,108813,108728,108753,108548,107862,107246,106221,106330,106873,106401,107182,106675,107715,107627,107822,108571,108733
E07000169,Selby,Non-metropolitan District,91697,90620,89106,87887,86942,86215,85622,84893,84199,83547,83163,82374,81828,80519,79366,78416,77871,77390,77132,76555,75780,74900,74018,73901,74189,74160,73227,72802,72908,71816
E08000016,Barnsley,Metropolitan District,248071,246866,245199,243341,241847,239855,237971,235811,233762,231865,230066,228973,227754,225989,224419,222618,221227,220165,218851,218124,217765,218692,219408,219655,220351,220923,221774,222025,222441,223221
E08000017,Doncaster,Metropolitan District,312785,311890,310542,308940,307374,305496,304398,303693,302920,302468,301299,300184,298388,296215,293990,292174,290850,290111,288647,286900,286989,286949,287571,288876,289260,290639,290486,290804,291724,291657
E08000018,Rotherham,Metropolitan District,264984,265411,264671,263375,262142,260929,260256,258817,258424,257716,256893,256313,255271,254180,253638,252675,251722,250886,249610,248349,247010,247949,249029,250127,250888,251891,252946,253446,253348,253674
E08000019,Sheffield,Metropolitan District,589214,584853,582506,577789,574050,569177,563463,560199,557276,551756,544613,538385,534035,529905,527629,525721,519640,515339,514201,513102,514573,516334,517596,517540,518133,516742,518632,520766,520774,520098
E08000032,Bradford,Metropolitan District,542128,539776,537173,534800,532539,529879,527567,525936,524386,523115,518002,512392,507323,501357,495658,491361,484650,479166,475184,470753,467124,466933,468001,469199,470804,471163,471338,470360,469499,468808
E08000033,Calderdale,Metropolitan District,211439,211455,210082,209454,209069,207832,207042,206136,205200,204170,203049,202078,200960,199275,197761,196270,194980,193968,193201,192379,191928,191238,191137,191126,191256,191761,192293,192443,192728,192871
E08000034,Kirklees,Metropolitan District,441290,439787,438727,437145,435236,432855,429998,427831,425346,422970,418339,414785,411807,407974,404266,400724,397530,394486,392118,388980,386892,385290,384675,383942,383815,383208,382683,382064,380115,378967
E08000035,Leeds,Metropolitan District,798786,793139,789194,784846,781087,773213,765430,760894,757566,750683,747571,743885,741665,738560,736204,735054,723042,717592,716380,715609,713366,714879,715925,716309,715774,713694,712903,713291,710427,706724
E08000036,Wakefield,Metropolitan District,351592,348312,345038,340790,337094,334017,331720,329847,327890,326433,325595,324467,323288,321650,320318,318765,318037,317469,316306,315380,314345,313938,313313,312168,312568,312890,313595,314315,314768,314328
E12000004,East Midlands,Region,4865583,4835928,4804149,4771666,4725390,4677425,4637369,4598548,4567798,4537448,4507071,4471653,4441125,4404774,4366676,4329112,4291476,4255080,4221753,4189622,4168076,4152443,4132645,4120320,4108070,4091663,4071720,4055893,4036691,4011411
E10000007,Derbyshire,County,807183,802694,796142,791966,786734,783082,780382,776639,773726,770688,767948,764317,761238,756594,752649,749009,745470,742242,738409,734888,731897,728112,725199,721649,720526,718945,717403,716987,715652,713531
E07000032,Amber Valley,Non-metropolitan District,128829,128147,126678,125898,124802,124188,124050,123592,122798,122521,122081,121532,121170,120436,120038,119152,118421,117898,117265,116560,116136,115524,114185,113999,113306,113251,113042,112600,112182,112216
E07000033,Bolsover,Non-metropolitan District,81305,80562,79530,79098,78225,77917,77231,76774,76480,76029,75691,75224,75058,74822,74347,73844,73601,73343,72527,71887,71188,70697,70570,70267,70343,70331,70312,70820,71177,70952
E07000034,Chesterfield,Non-metropolitan District,104930,104900,104628,104579,104527,104463,104331,104066,103788,103788,103417,103037,102609,102027,101674,101277,100545,99929,99256,98832,98773,98858,99166,99198,99659,99952,100283,100503,100048,99747
E07000035,Derbyshire Dales,Non-metropolitan District,72422,72325,71977,71849,71477,71301,71420,71372,71386,71104,71030,70705,70450,69850,69526,69509,69536,69368,69392,69418,69800,69679,69200,68673,68591,68407,67953,68080,68081,67906
E07000036,Erewash,Non-metropolitan District,115332,115371,115490,115314,115112,114684,114155,113246,112833,112249,111739,111283,110809,110184,109979,110102,110068,110080,110250,110126,109371,108422,108344,107128,106853,106485,106771,106683,106701,106691
E07000037,High Peak,Non-metropolitan District,92633,92666,92221,92063,91720,91523,91417,91172,91160,90982,91063,91047,90858,90553,90050,89627,89261,89185,89323,89400,89009,88129,87777,87533,87320,87106,86535,86347,86023,85482
E07000038,North East Derbyshire,Non-metropolitan District,102216,101462,101125,100780,100450,99661,99383,99306,99347,99100,98832,98474,98261,98067,97740,97666,97532,97127,96916,96927,96942,97100,96623,97034,97651,98021,98072,98074,98173,97843
E07000039,South Derbyshire,Non-metropolitan District,109516,107261,104493,102385,100421,99345,98395,97111,95934,94915,94095,93015,92023,90655,89295,87832,86506,85312,83480,81738,80678,79703,79334,77817,76803,75392,74435,73880,73267,72694
E10000018,Leicestershire,County,713085,706155,698268,690212,680466,673410,666682,660917,656182,651179,646292,642255,639236,634555,629556,624852,622134,617968,614065,610279,605635,601565,593967,595224,593137,588763,586119,584275,580370,573336
E07000129,Blaby,Non-metropolitan District,101950,101526,100421,98977,97562,96458,95836,95105,94608,94132,93935,93511,93341,92741,92266,91721,91664,91592,91225,90361,89429,88378,87259,86623,85945,85332,85291,84828,83990,82973
E07000130,Charnwood,Non-metropolitan District,188416,185851,182643,180387,177378,175167,172548,169993,168370,165876,164346,162330,160509,158667,157153,155768,154740,153664,153431,153554,153060,153008,151229,152230,152527,151540,150648,150463,148509,146587
E07000131,Harborough,Non-metropolitan District,95537,93807,92499,91461,90251,89144,87935,87426,86368,85699,84849,84132,83417,82593,81492,80486,79860,79118,78226,76818,75320,73941,73388,72903,72401,71016,69964,69308,68766,67907
E07000133,Melton,Non-metropolitan District,51394,51209,51100,50873,50967,50956,51012,50868,50785,50495,50077,49481,49287,49153,48724,48605,48618,48429,48080,47875,47515,47047,45882,46372,46211,46163,46336,46054,45874,45318
E07000134,North West Leicestershire,Non-metropolitan District,104809,103611,102126,100109,98436,97098,95731,94716,93985,93670,93165,92728,92283,91476,90406,89623,88845,87794,86842,85678,84938,84227,83493,83454,83171,82827,82341,82205,81915,80999
E10000019,Lincolnshire,County,766333,761224,755833,751171,744811,737350,731886,724523,719184,714768,711805,705599,700780,693739,685414,677324,672415,663197,655580,647640,640163,632709,625994,621156,617230,612472,605513,600784,595428,588583
E07000136,Boston,Non-metropolitan District,70837,70173,69366,68488,67709,66876,66454,65831,64855,64615,64475,63399,62176,61036,59770,58551,58090,56975,56391,55802,55182,54889,55026,54535,54312,54184,54168,54144,53843,53333
E07000137,East Lindsey,Non-metropolitan District,142030,141727,140741,139718,138743,138068,137722,136799,136651,136683,137251,137140,137466,136939,135960,135473,134889,133218,132144,130654,129221,126918,125272,124463,123312,122558,121465,120751,119641,117697
E07000138,Lincoln,Non-metropolitan District,100049,99299,99039,98438,97385,96641,95910,95371,94535,93085,92188,90813,90207,89873,89433,88603,87746,86405,85669,85584,85032,84662,83920,84027,84022,84518,84583,85271,85116,84016
E07000139,North Kesteven,Non-metropolitan District,118149,116915,115985,115230,113644,112186,111197,109935,109311,108518,107478,106456,105495,103844,102275,100710,99943,98593,96898,94378,92271,90116,87303,86510,86455,84751,81893,81103,80242,80019
E07000140,South Holland,Non-metropolitan District,95857,95019,93980,93295,92527,91245,90382,89184,88546,88390,87905,86987,85957,84506,83158,81696,80832,79299,77918,76714,75612,74377,73576,72338,71416,71031,70282,69198,68471,67494
E07000141,South Kesteven,Non-metropolitan District,143225,142424,141853,141662,140900,139376,138339,136612,135212,134125,133144,132188,131218,130196,128966,127665,127129,126209,125485,124877,124190,123622,123013,121930,120071,117512,115168,112603,111024,109524
E07000142,West Lindsey,Non-metropolitan District,96186,95667,94869,94340,93903,92958,91882,90791,90074,89352,89364,88616,88261,87345,85852,84626,83786,82498,81075,79631,78655,78125,77884,77353,77642,77918,77954,77714,77091,76500
E10000024,Nottinghamshire,County,833377,828224,823126,817851,811483,806217,801616,796423,790167,786796,783645,780105,776071,771330,767827,764515,760966,756426,752581,748809,745418,745065,741246,741099,743514,743575,743883,741632,738471,735066
E07000170,Ashfield,Non-metropolitan District,128337,127918,127151,126164,124513,123577,122490,121546,120120,119522,118566,117875,116971,116301,115704,115020,114105,113048,112488,111477,110126,109697,108652,108809,108740,109120,109626,109431,109189,108896
E07000171,Bassetlaw,Non-metropolitan District,118280,117459,116839,116304,115212,114689,114256,113704,113235,113003,112924,112563,112106,111314,110876,110488,110017,109276,108451,107843,106847,106387,105235,105190,105737,106009,104901,104977,104927,104834
E07000172,Broxtowe,Non-metropolitan District,114627,114033,113272,112718,112116,111837,111534,111077,110568,109749,109252,109217,108730,108272,108254,108290,108085,107822,107832,107481,107728,108276,108174,108902,110168,110885,111126,109723,108812,108207
E07000173,Gedling,Non-metropolitan District,118239,117896,117786,117128,116746,116142,115815,114974,114061,113741,113066,112688,112293,111924,111699,111919,111847,111684,111943,111812,111474,111926,112068,111560,112536,111470,111619,111761,111346,110479
E07000174,Mansfield,Non-metropolitan District,109351,109313,108841,108576,107880,106780,105972,105334,104812,104551,104120,103711,103269,102139,101347,100413,99706,99250,98367,98065,98910,99437,98885,99919,100754,100958,101440,101482,101328,100968
E07000176,Rushcliffe,Non-metropolitan District,121416,119184,117671,115996,115168,114497,113690,112910,111520,111248,111121,110137,109393,108909,108413,107832,107430,106987,106546,105780,104777,104051,103644,102445,101623,101570,101594,100410,99568,98536
E12000005,West Midlands,Region,5961929,5934037,5900757,5860706,5810773,5755032,5713439,5675030,5642763,5608667,5565866,5528007,5496240,5451924,5415521,5380687,5346376,5325475,5301243,5280727,5269626,5271959,5271352,5262278,5263046,5256911,5249295,5245930,5237375,5229699
E12000005,West Midlands,Region,5961929,5934037,5900757,5860706,5810773,5755032,5713439,5675030,5642763,5608667,5565866,5528007,5496240,5451924,5415521,5380687,5346376,5325475,5301243,5280727,2571400,2582204,2586621,2591467,2605986,NA,NA,NA,NA,NA
E06000051,Shropshire,Unitary Authority,325415,323136,320274,317459,314392,312227,310774,309085,308416,307108,304523,302069,300473,297633,294531,291523,288810,286913,284901,283254,281479,279294,277374,274693,276031,274515,272689,269841,269333,268716
E10000028,Staffordshire,County,883172,879560,875219,870825,866430,862166,859870,856837,852039,849546,845272,841270,838142,833122,827321,822713,818563,815228,810199,807152,804497,803660,803728,801134,795688,796896,795412,795054,793546,791588
E07000192,Cannock Chase,Non-metropolitan District,101484,100762,100109,99126,98513,98490,98508,98106,97932,97582,96898,96514,95999,95391,94991,94772,94179,93751,93000,92165,91835,91624,91266,90602,90327,90173,90255,90134,89789,89344
E07000193,East Staffordshire,Non-metropolitan District,120923,119754,118574,117552,116937,116196,115720,114940,114487,113858,112979,112033,111191,109776,108466,107609,106800,106065,104487,103938,102828,102068,102482,100942,99588,99695,98343,97742,97659,97943
E07000194,Lichfield,Non-metropolitan District,105637,104756,103965,103507,102831,102566,102062,101716,101175,100911,100424,100012,99490,98528,97432,96307,95580,94467,93679,93229,93272,93490,93537,93370,92572,92844,93185,93773,93754,93129
E07000195,Newcastle-Under-Lyme,Non-metropolitan District,129610,129441,129490,128963,128126,126863,125978,125184,124104,123878,123351,123073,123213,123526,123191,123170,123076,122657,122165,122015,122189,122203,121760,121711,120948,121743,121854,121778,121590,120830
E07000196,South Staffordshire,Non-metropolitan District,112369,112436,112126,111890,111173,110712,110688,110323,108443,108318,108050,107561,107501,107144,106655,106428,106300,106300,106013,105942,105405,105183,104702,104900,104536,105128,104880,104810,104657,104586
E07000197,Stafford,Non-metropolitan District,137858,137280,135880,134764,133664,132220,132044,131984,131554,130895,130001,129041,128320,127055,125620,124361,123224,122447,121409,120712,120884,121621,122711,123205,121988,121268,120873,120319,119832,119504
E07000198,Staffordshire Moorlands,Non-metropolitan District,98427,98435,98397,98496,98176,98011,97838,97488,97239,97209,96987,96781,96604,96295,95888,95342,94980,94997,94927,94555,93977,93468,93390,93332,93478,93971,94369,95154,95461,95723
E07000199,Tamworth,Non-metropolitan District,76864,76696,76678,76527,77010,77108,77032,77096,77105,76895,76582,76255,75824,75407,75078,74724,74424,74544,74519,74596,74107,74003,73880,73072,72251,72074,71653,71344,70804,70529
E10000031,Warwickshire,County,583786,577933,571010,564562,558991,555154,552450,549517,548320,546554,544166,542131,539384,534381,529059,523653,518637,515056,510691,506193,501190,499565,499075,496786,494719,493824,492338,490409,489272,487116
E07000218,North Warwickshire,Non-metropolitan District,65452,65264,64850,64069,63193,62765,62448,62119,62206,62089,62066,62124,61968,61839,61920,61894,61769,61749,61825,61788,61888,61810,61781,61526,61235,61277,61228,61576,61119,61038
E07000220,Rugby,Non-metropolitan District,110650,108935,107194,106350,105291,104455,103189,101819,101030,100496,99035,97662,96434,94748,93051,91321,89998,89050,88653,87520,86319,86155,85785,85483,85511,85710,85476,85308,85756,85009
E07000221,Stratford-On-Avon,Non-metropolitan District,132402,130098,127580,125202,123345,122438,121779,121253,120794,120824,120191,119826,119666,118478,116708,114823,113483,112992,112258,111551,110547,110152,110727,109799,108390,108297,107812,107319,106421,105435
E07000222,Warwick,Non-metropolitan District,144909,143753,142484,140282,139488,138893,138725,138208,138423,137736,138115,138189,137448,136655,135593,134567,132719,130724,128330,126095,123989,122994,122555,122073,121695,120007,119180,118307,118320,118121
E08000025,Birmingham,Metropolitan District,1140525,1141816,1141374,1137123,1128077,1112950,1101521,1092190,1085198,1074283,1061074,1050072,1038980,1029021,1020843,1014650,1002376,996356,990384,984642,985119,989712,991380,993650,1001087,999108,1000140,1005419,1004259,1004502
E08000026,Coventry,Metropolitan District,379387,371521,366785,360149,353215,344288,335018,328423,322504,316915,311674,307393,305186,301429,300129,298386,298174,300665,301295,302804,303066,304840,305005,304736,306426,303096,301695,302585,302938,303871
E08000027,Dudley,Metropolitan District,322363,321596,320626,319419,317558,316331,315653,314357,313570,313261,312206,311088,310377,308686,307846,307004,306171,305585,305645,305052,304664,304878,304812,305220,306579,307630,308164,308431,308609,307669
E08000028,Sandwell,Metropolitan District,329042,328450,327378,325460,322631,319101,316289,313980,311245,309042,306181,302303,298358,294603,292516,290447,288849,287135,285637,284594,285102,286085,287133,287666,288927,290700,291010,291614,291691,292586
E08000029,Solihull,Metropolitan District,217487,216374,214909,213933,212166,210834,210227,209140,207450,206856,206329,205470,204778,203170,202351,201557,201153,200536,200028,199574,199013,200190,200736,200708,200093,199688,199367,198515,199529,200432
E08000030,Walsall,Metropolitan District,286716,285478,283378,281293,278887,275880,273933,271955,270844,269524,266834,264774,263034,260939,259454,258172,256702,255352,254287,253333,254899,255808,255540,256631,257712,258462,260245,261378,260688,261267
E08000031,Wolverhampton,Metropolitan District,264407,263357,262008,259926,258017,255106,253250,251708,251076,249852,247640,246016,245349,243910,242889,241647,240567,239851,239088,238016,239537,240691,242015,242856,245162,244900,245186,247285,247902,248466
E10000034,Worcestershire,County,598070,595786,592057,588370,583491,579050,575993,572613,569301,566557,564080,562296,560790,558035,554700,551332,548660,547271,544474,542233,539613,537379,535342,532702,528836,526743,523975,520125,516426,512353
E07000234,Bromsgrove,Non-metropolitan District,100569,99881,98662,97594,96770,95800,95519,94806,94281,93732,93507,93444,93097,92563,91734,91046,90516,89984,89021,87904,87036,86692,86625,86660,86019,85718,85570,84319,83838,83232
E07000235,Malvern Hills,Non-metropolitan District,79445,78698,78113,77165,76555,76136,76224,75560,75090,74706,74542,74141,74192,74020,73748,73425,73166,72885,72655,72171,71975,72062,72374,71978,71248,71544,71063,70158,69605,69955
E07000236,Redditch,Non-metropolitan District,85568,85261,84989,85204,85088,84821,84505,84505,84444,84318,83570,83102,82713,81762,81077,80110,79654,79466,79069,78779,78583,78278,77819,77708,77810,78288,78682,78637,78479,78750
E07000237,Worcester,Non-metropolitan District,100265,101222,101891,102314,101927,100985,100739,100363,99622,98679,97655,97117,96416,95532,95024,94470,93843,93873,93446,93369,93068,92474,92445,90731,89778,88854,87514,85933,84525,83261
E07000238,Wychavon,Non-metropolitan District,131084,129433,127340,125378,123144,121709,120007,118906,117777,117074,116863,116499,116229,116141,115451,114696,114258,113914,113453,113081,111937,110921,109249,108727,106987,105152,103876,104371,103396,101907
E07000239,Wyre Forest,Non-metropolitan District,101139,101291,101062,100715,100007,99599,98999,98473,98087,98048,97943,97993,98143,98017,97666,97585,97223,97149,96830,96929,97014,96952,96830,96898,96994,97187,97270,96707,96583,95248
E06000055,Bedford,Unitary Authority,174687,173292,171623,169912,168814,166376,163999,161553,159369,157840,156535,154808,154164,153107,152346,151747,151308,150684,149589,148113,146146,143765,141556,139990,138023,137231,137006,136991,136858,135443
E10000003,Cambridgeshire,County,657204,653537,651482,648237,644575,641524,635186,628918,625908,622312,614899,606238,600808,594338,588890,583651,574445,568743,558916,554704,551368,547582,544946,538927,530401,522685,518694,519017,516185,510586
E07000008,Cambridge,Non-metropolitan District,125063,124798,125758,124919,124635,125105,123735,123024,122601,122725,120219,116746,116183,115454,116654,117217,112167,111317,109543,109941,109923,109870,109162,108113,108031,107583,107263,109596,108305,106680
E07000009,East Cambridgeshire,Non-metropolitan District,90172,89840,89362,88858,88189,87783,87045,85942,85220,84245,83303,82357,81035,79923,78429,77224,75996,77447,74328,73411,72676,71243,71308,68508,66322,63880,62466,61424,60845,60853
E07000010,Fenland,Non-metropolitan District,102080,101850,101491,100776,99636,98814,97591,96617,95975,95461,95135,94404,93653,92713,90647,88968,87983,86296,84676,83687,82881,82310,81311,80135,78991,78632,78202,77672,76662,75077
E07000011,Huntingdonshire,Non-metropolitan District,178985,177963,177352,176979,176095,175334,173883,172147,171206,170039,168352,167052,166346,164764,163896,162822,162654,159626,158476,157189,157213,155570,154776,154602,151805,148916,149329,148326,148758,146064
E07000012,South Cambridgeshire,Non-metropolitan District,160904,159086,157519,156705,156020,154488,152932,151188,150906,149842,147890,145679,143591,141484,139264,137420,135645,134057,131893,130476,128675,128589,128389,127569,125252,123674,121434,121999,121615,121912
E10000012,Essex,County,1497759,1489189,1477764,1468177,1457910,1445323,1433282,1417596,1407084,1396599,1388913,1379503,1373172,1362888,1354301,1345170,1334632,1326079,1319145,1312599,1304417,1295043,1284198,1278254,1273322,1267652,1261587,1255495,1253611,1249099
E10000012,Essex,County,1497759,1489189,1477764,1468177,1457910,1445323,1433282,1417596,1407084,1396599,1388913,1379503,1373172,1362888,1354301,1345170,1334632,1326079,1319145,1312599,1607515,1597427,1586716,1578675,1571340,1564931,1558453,1550629,1546941,1538975
E07000066,Basildon,Non-metropolitan District,187558,187199,185862,184479,183768,181951,180676,178498,176538,174971,173788,173084,172423,170908,169951,168927,167825,167089,166743,165895,164936,164185,162343,162280,161412,161105,160691,160524,160826,161885
E07000067,Braintree,Non-metropolitan District,153091,152604,151561,151677,151233,150530,150076,149150,148375,147514,145972,144589,143894,142344,140921,139160,137426,135767,134272,132482,131203,128993,126986,125173,123982,123258,122225,120808,120509,119497
E07000068,Brentwood,Non-metropolitan District,77242,77021,76550,76575,76769,76403,75914,74734,74142,73841,73301,72663,71941,71346,71040,70542,69895,69234,68779,68483,68612,68702,68894,69536,69916,70334,70676,70577,70624,70668
E07000069,Castle Point,Non-metropolitan District,90524,90376,90070,89814,89752,89184,88912,88594,88219,87964,88115,88122,88020,87776,87576,87462,87207,87237,86866,86673,86416,86069,85554,85498,85718,86049,86374,86309,86651,86890
E07000070,Chelmsford,Non-metropolitan District,179549,178388,177079,176194,174197,172719,171590,170311,169379,168491,167441,166208,165047,164381,163879,163570,162505,160360,158686,157269,156331,155894,155325,156103,157033,156736,155804,155455,154051,153509
E07000071,Colchester,Non-metropolitan District,197200,194706,192523,190098,187633,184916,180973,177993,176185,173614,171679,169027,167927,165674,163847,162038,158652,157164,156055,156016,155080,154717,153062,153901,152666,150076,148878,148716,148619,146375
E07000072,Epping Forest,Non-metropolitan District,132175,131689,131137,130576,129923,129274,128451,126989,125997,124880,124189,123820,123365,122877,122530,121735,121495,121404,121482,120972,120540,120181,119100,118885,118737,118120,117526,116878,116850,115686
E07000073,Harlow,Non-metropolitan District,87280,87067,86594,86191,85867,85335,84619,83438,82814,82177,81490,80710,79913,79165,78722,78354,78019,78128,78340,78799,78336,77555,76980,75342,74190,73610,73484,73588,74415,75008
E07000074,Maldon,Non-metropolitan District,65401,64926,64425,63975,63418,62824,62801,62217,61946,61720,61845,61815,61660,61398,60993,60662,60303,59996,59750,59589,58686,57457,56524,55339,54724,54383,53589,53117,52545,52754
E07000075,Rochford,Non-metropolitan District,87627,87368,86981,86209,85708,85192,84809,83955,83895,83333,83415,83094,83056,82264,81490,80815,80100,79513,79325,78650,78233,77395,76477,76067,75843,75621,75396,75573,75591,75512
E07000076,Tendring,Non-metropolitan District,147353,146561,145803,144705,143353,141790,140395,139037,138395,138062,139058,139593,140421,140523,140423,140325,140340,139909,139318,138802,137413,135669,135099,132579,131644,130938,130174,127897,127244,125940
E07000077,Uttlesford,Non-metropolitan District,92759,91284,89179,87684,86289,85205,84066,82680,81199,80032,78620,76778,75505,74232,72929,71580,70865,70278,69529,68969,68631,68226,67854,67551,67457,67422,66770,66053,65686,65375
E10000015,Hertfordshire,County,1195672,1189519,1184365,1180934,1176386,1165332,1154195,1140618,1129291,1119824,1107641,1096599,1085434,1072954,1063202,1055483,1047366,1045337,1040387,1035523,1029817,1024006,1016401,1009700,1002650,999787,995417,991088,988863,984323
E07000095,Broxbourne,Non-metropolitan District,97592,97279,96876,96762,96881,96311,95837,95107,94595,93702,93085,92395,91630,90833,89684,88800,87805,87817,87700,87203,86104,84765,83081,82081,82146,82413,82434,82351,82242,81723
E07000096,Dacorum,Non-metropolitan District,155457,154763,154280,153316,152445,151069,149515,148075,146728,145298,143651,142205,140802,139527,138973,138633,138403,138413,138118,137843,137322,137013,136751,135514,134341,134076,133755,133734,133768,133192
E07000242,East Hertfordshire,Non-metropolitan District,151786,149748,148105,147080,146130,144488,142781,140932,139405,138155,136922,135980,134843,133421,132078,131065,130456,130264,130029,129145,127747,127164,126696,125462,123247,122255,121112,119017,117775,117342
E07000098,Hertsmere,Non-metropolitan District,105471,104919,104205,104031,103705,103157,102540,101449,100895,100379,99402,98637,97642,96252,95225,94302,93788,94419,94295,94466,94078,93576,93223,92140,91893,92483,92402,91377,90652,90048
E07000099,North Hertfordshire,Non-metropolitan District,133463,133570,133214,133321,132655,131611,130902,129231,128302,127494,126286,125269,124391,122974,121890,120757,120092,119148,117959,117051,115983,115284,115085,114226,113608,113757,113277,112767,112942,112355
E07000240,St Albans,Non-metropolitan District,149317,148452,147373,147095,147025,146188,145208,143458,142137,141248,139511,137858,136088,134338,133293,131951,131284,131180,130407,129168,128772,128129,127022,127327,127428,127325,126931,126298,126046,126229
E07000243,Stevenage,Non-metropolitan District,88104,87845,87754,87739,87285,86579,85993,85520,84824,84247,83007,82253,81615,80734,80352,80330,80008,80308,80110,79794,79246,78523,77832,77559,76276,75646,75513,75370,75359,75697
E07000102,Three Rivers,Non-metropolitan District,93966,93323,93045,92641,92676,91797,90525,89566,88804,87921,87573,87096,86205,85282,84466,84305,83963,83946,83448,82905,83073,82743,80758,80960,80438,80672,80540,80836,80530,78991
E07000103,Watford,Non-metropolitan District,96623,96577,96767,96675,96577,96348,95553,93905,91940,90653,88574,86472,84776,82899,82145,82138,81097,80644,80185,80398,80239,79971,80190,78999,77694,76150,75266,74843,75426,74934
E07000241,Welwyn Hatfield,Non-metropolitan District,123893,123043,122746,122274,121007,117784,115341,113375,111661,110727,109630,108434,107442,106694,105096,103202,100470,99198,98136,97550,97253,96838,95763,95432,95579,95010,94187,94495,94123,93812
E10000020,Norfolk,County,914039,907760,903680,898390,891731,884748,877388,870296,864847,859426,852926,846355,841495,834945,829062,822890,815690,810127,803463,798618,793509,786454,780863,774473,769295,765596,762389,759523,757659,754319
E07000143,Breckland,Non-metropolitan District,141255,139968,139329,138602,137123,135698,134287,132995,131857,131009,129932,129431,128938,127797,126551,125493,123944,123247,122222,121585,120400,118526,115956,114707,112530,111149,111533,110289,109509,107891
E07000144,Broadland,Non-metropolitan District,131931,130783,129464,128535,127402,126626,125956,125499,125173,124740,124483,123819,123387,123242,122412,121637,121039,120333,119391,118814,117796,116766,115532,113675,111966,110869,108722,107412,106582,106618
E07000145,Great Yarmouth,Non-metropolitan District,99198,99336,99370,99417,98992,98615,98127,97736,97555,97424,97063,96414,95924,95211,94545,94113,93316,92526,91437,90945,90490,90008,89323,89040,89234,88807,88604,88653,88749,88606
E07000147,North Norfolk,Non-metropolitan District,105167,104837,104552,104067,103587,103252,102872,102079,101829,101664,100780,100556,100887,100338,99907,99638,99374,99121,98723,98495,98226,97705,97418,96028,94971,94200,93150,92819,92166,91667
E07000148,Norwich,Non-metropolitan District,142177,140573,141137,140353,139865,138097,136587,135118,133867,132158,130923,129219,128034,126949,126805,125630,123857,122963,122376,122366,121604,121199,121714,122884,123838,124315,125339,125644,125397,125012
E07000149,South Norfolk,Non-metropolitan District,143066,140880,138017,135471,132965,131199,129345,127682,125987,124495,122611,120488,118774,117134,116052,115420,114539,113665,112483,110848,110036,108552,107086,106000,105142,104758,103837,103067,103626,103422
E10000029,Suffolk,County,761246,761350,758556,756978,751175,747734,742499,735844,732802,730133,723976,718183,714348,709144,702961,697837,689087,681408,674579,669913,672506,667342,664034,660060,655739,651600,644811,641625,643483,649066
E07000200,Babergh,Non-metropolitan District,92735,92036,91401,90794,90250,89900,89413,88704,88088,87901,87467,87411,87260,86916,86698,85957,85622,85066,84112,83538,82923,82058,81296,80510,80197,79844,79470,79936,79955,80200
E07000202,Ipswich,Non-metropolitan District,135979,136913,137532,138480,138515,137694,136429,135604,135065,133729,131729,129320,127387,125471,124753,124028,121175,119210,117818,117156,116565,116276,115818,114474,114810,114959,114627,115087,115935,118380
E07000203,Mid Suffolk,Non-metropolitan District,104857,103895,102493,101543,100720,100251,99596,98431,97789,97076,96244,95250,94603,93817,92070,90795,89492,88274,87684,87015,85964,85083,83121,82360,81359,80406,79684,78808,78867,79013
E12000007,London,Region,9002488,8961989,8908081,8825001,8769659,8666930,8539398,8417458,8308833,8204407,8061495,7942594,7812161,7693473,7597825,7519009,7432730,7394817,7376671,7322403,7236712,7153912,7065497,7014838,6974407,6913123,6873527,6844491,6829408,6829314
E09000007,Camden,London Borough,279516,270029,262226,253361,249162,243837,236022,230486,224809,220087,214725,212924,210273,211520,211032,211088,207341,204254,203972,202567,196174,190003,183911,186183,186251,182454,180027,179270,179118,180708
E09000001,City Of London,London Borough,10938,9721,8706,7654,7246,6687,6139,6031,6612,7412,7338,7472,7429,7607,7254,7131,7118,7115,7280,7359,7014,6581,5720,5670,5551,5489,5425,5309,5167,5361
E09000012,Hackney,London Borough,280941,281120,279665,275929,273239,268626,263112,257436,252212,247182,241739,236622,231041,224480,220193,216512,213581,212405,210961,207246,203381,199087,194706,191448,193068,192858,190266,188193,186816,184956
E09000014,Haringey,London Borough,266357,268647,270624,271224,272078,268251,264398,261033,257898,255540,252742,249805,244459,236793,233174,229271,226472,225027,224474,221251,219845,218559,216582,215081,211578,208881,207447,206461,205769,207034
E09000019,Islington,London Borough,248115,242467,239142,235000,232055,227507,221405,215855,211273,206285,200129,196704,192089,188636,185283,183477,180831,180899,180118,179387,177852,175717,177949,175665,174651,173016,173368,172914,172658,171754
E09000022,Lambeth,London Borough,321813,326034,325917,324048,323063,320736,316637,312700,309366,304481,297650,294050,289126,284964,280524,277620,274262,272195,273041,273372,270028,266817,263843,259854,259743,257197,256622,254615,255614,254990
E09000023,Lewisham,London Borough,305309,305842,303536,301307,298903,294999,290284,284956,280705,276938,272525,270418,266508,261188,257976,254930,252455,251936,253662,254336,252106,250310,247223,243946,243090,240428,241983,240409,239738,240233
E09000025,Newham,London Borough,355266,353134,352005,347996,344533,336254,328066,321465,316295,310460,299171,286447,276478,266285,257994,253798,254434,256224,255282,249411,245463,240517,235001,231032,229900,227993,224919,222283,219204,216251
E09000028,Southwark,London Borough,320017,318830,317256,314232,311655,308434,302818,298663,293440,288717,283777,281120,276973,272626,267553,261811,257257,255242,256269,256712,252726,247853,242150,238968,236620,236885,231606,231361,228414,227246
E09000030,Tower Hamlets,London Borough,331969,324745,317705,307964,300943,293828,284596,273616,263624,256012,248520,240495,231893,225251,218400,213382,211154,208651,207031,201090,197133,193507,187909,184845,180292,175209,171533,169046,167265,166326
E09000032,Wandsworth,London Borough,329735,329677,326474,323257,321497,319477,316536,313091,309497,307710,302620,299347,294305,291440,287538,283229,278615,276828,274917,271742,267695,264220,260965,260633,261066,259903,261324,260918,261817,261976
E09000033,Westminster,London Borough,269848,261317,255324,244796,241974,238047,229899,225306,223737,219582,217187,216980,218673,220619,222829,223132,214557,211009,208100,203329,196478,189233,184652,181841,178498,174220,174076,176879,180974,185032
E09000003,Barnet,London Borough,399007,395869,392140,387803,384774,378778,373745,368301,363777,357538,351438,345829,339212,334837,330801,327541,323723,321802,320552,319481,315784,313469,308345,304634,302952,298968,297330,296553,296900,297676
E09000004,Bexley,London Borough,249301,248287,247258,246124,245095,242387,240016,236816,234308,232774,230711,228146,226652,224625,223280,222391,220917,220016,219123,218757,218717,217458,216318,215722,217689,218543,218591,218315,218089,218075
E09000005,Brent,London Borough,327753,329771,330795,329102,326427,323443,320101,317112,314593,312245,304785,298118,290901,283273,276504,270939,268335,268323,269871,269620,264945,260317,259908,255298,251967,248359,245704,241689,240284,240813
E09000006,Bromley,London Borough,332752,332336,331096,329391,327580,325303,321602,318167,314039,310554,308560,306924,304968,302625,300963,299421,297307,297253,296668,296218,295317,294902,291697,293106,291728,290022,289977,289908,291936,293491
E09000008,Croydon,London Borough,388563,386710,385346,384837,383301,380070,377073,373628,369189,364815,357951,352763,349308,344029,340449,339052,337134,335919,335415,335112,334241,332066,333046,330923,329414,326822,322775,319216,317156,315868
E09000009,Ealing,London Borough,340341,341806,341982,342736,344802,344285,342997,342108,340332,339314,334073,329966,324022,318671,315329,312774,310073,308108,309242,307276,304370,302252,296274,293995,292811,288486,286383,285801,284936,283782
E09000010,Enfield,London Borough,333587,333794,333869,332705,332127,328738,324409,320317,317257,313935,307648,301971,297443,291534,287429,284779,282217,281835,280745,277266,275068,272731,268886,268379,265033,262787,260027,260769,260632,260133
E09000011,Greenwich,London Borough,289034,287942,286186,282849,279139,274542,268853,264097,259986,255483,249171,243672,239748,236535,233990,230494,227190,224303,221476,217460,214438,212168,212322,211249,209839,209254,210197,211340,211922,210865
E09000015,Harrow,London Borough,252338,251160,250149,248880,248697,246818,245149,243004,241978,240499,237451,233495,229567,226355,223632,221109,216267,213728,212336,210044,209114,207909,206662,206933,207186,206968,207373,206284,203710,203013
E09000016,Havering,London Borough,260651,259552,257810,256039,253371,249375,246030,242142,239742,237927,236234,234127,231793,229789,228198,226990,225769,225248,225054,224717,225141,225712,223641,226039,227115,227567,228696,229385,229111,230923
E09000017,Hillingdon,London Borough,309014,306870,304824,302343,299899,296056,291368,285996,281179,275499,269465,265665,261051,256981,254387,251430,248691,248054,247063,245616,245911,245053,243587,242901,241958,240146,238708,235675,234457,234384
E09000018,Hounslow,London Borough,271767,271523,270782,269100,268270,266412,264030,261275,258518,254927,249236,243366,237907,233454,228126,223776,219440,216498,216888,215976,214731,214298,212445,210146,206034,203691,201756,201992,201987,203917
E09000021,Kingston Upon Thames,London Borough,179142,177507,175470,174609,173703,171609,168433,165657,163200,160436,158648,157307,156027,154485,153667,152489,151055,149683,149642,149045,147328,146003,143765,141330,139225,137785,136420,136095,136139,136062
E09000024,Merton,London Borough,206453,206548,206186,206052,206706,205965,204598,203637,202047,200543,199136,198136,195859,194260,192520,190583,188908,189298,190561,191106,188196,185062,182355,181675,180623,177695,175754,173711,171672,170924
E09000026,Redbridge,London Borough,305658,305222,303858,301785,301328,297928,293853,288850,284625,281395,275088,270435,265452,259965,255590,251560,248774,247412,244273,241893,239868,238138,235997,234974,232804,228714,226684,224747,223487,221999
E09000027,Richmond Upon Thames,London Borough,198141,198019,196904,195680,195187,194124,193315,191138,188971,187527,186304,184394,182927,182421,182520,181508,179312,177182,175441,174311,172920,172782,169945,170044,168659,166648,165028,164561,165137,166629
E09000029,Sutton,London Borough,207707,206349,204525,203243,201945,199870,197954,195787,193476,191123,189321,188167,185860,184174,182882,182103,181094,181267,181265,181461,180485,179375,177868,177026,175731,174230,172918,172600,171023,170093
E09000031,Waltham Forest,London Borough,276940,276983,276700,275505,274222,270671,267801,265650,262456,259742,254009,248140,242098,235665,230731,226747,225002,224115,223776,222015,221296,221057,222251,219795,220017,220424,220094,217965,216582,215893
E12000008,South East,Region,9217265,9180135,9133625,9080825,9030347,8949392,8874005,8793154,8724928,8652784,8577771,8490922,8426399,8351391,8270861,8202896,8133100,8087924,8045192,8023449,7990598,7955124,7888838,7853102,7800406,7762978,7711594,7673172,7656594,7629186
E06000060,Buckinghamshire,Unitary Authority,547060,543973,540059,535918,533056,527114,520900,515533,510983,506550,502820,498813,496371,493501,489348,485526,482126,480164,478768,479131,477186,475883,472078,471148,468779,467904,464078,461915,459993,455714
E10000011,East Sussex,County,558852,557229,554590,552259,549557,545021,540503,534904,531088,527209,523651,520370,519197,515891,511525,508519,505007,501148,496927,493130,491676,489381,484999,482111,480030,477992,476220,473433,472317,468955
E07000061,Eastbourne,Non-metropolitan District,103324,103745,103160,103251,103003,102204,101340,100363,99901,99308,98510,98228,98361,97616,96532,95500,93772,92163,90829,89836,89427,88733,87942,87584,87132,87090,86933,85771,84867,84360
E07000062,Hastings,Non-metropolitan District,92554,92661,92855,92813,92903,91937,91360,90906,90377,90173,89623,89293,88722,88024,87516,87419,86854,86596,85873,85392,84693,84089,82154,82599,82247,82616,82446,82601,83318,82763
E07000063,Lewes,Non-metropolitan District,103525,103268,102744,102257,101631,100898,100428,99626,98695,97584,97079,96114,95455,94782,94162,93832,93794,93227,92901,92247,91603,90848,88974,88713,88933,89530,89568,89256,88958,88214
E07000064,Rother,Non-metropolitan District,96716,96080,95656,94997,93966,93192,92370,91232,91065,90729,90578,90123,90120,89262,88221,87684,87183,86718,86174,85471,86158,86299,86609,85925,85981,84299,83812,83258,82590,82761
E07000065,Wealden,Non-metropolitan District,162733,161475,160175,158941,158054,156790,155005,152777,151050,149415,147861,146612,146539,146207,145094,144084,143404,142444,141150,140184,139795,139412,139320,137290,135737,134457,133461,132547,132584,130857
E10000014,Hampshire,County,1389206,1382542,1376316,1370728,1365103,1356994,1349627,1340180,1331394,1322118,1312347,1301706,1293565,1283441,1272498,1263075,1255419,1250515,1245073,1241431,1236408,1232819,1223022,1217815,1210391,1203112,1196481,1188187,1183765,1178711
E07000085,East Hampshire,Non-metropolitan District,123838,122308,120681,119392,118705,118694,117985,117401,116574,116010,115350,114261,113172,112296,111131,110482,109960,109561,109606,109369,108759,108635,107788,108541,108297,107788,106682,105325,103836,103946
E07000086,Eastleigh,Non-metropolitan District,135520,133584,131819,130498,129546,128977,128867,127759,126759,125852,124240,122377,121312,120596,119436,118089,117066,116696,116430,116257,115876,114469,111115,110958,110626,110389,110027,108985,107667,106572
E07000087,Fareham,Non-metropolitan District,116338,116233,116339,116219,115818,115182,114663,113873,112888,111931,111382,110832,110205,109399,108397,108077,108473,108545,108451,108152,107101,106165,105667,105258,103991,102698,101851,100995,100789,99577
E07000088,Gosport,Non-metropolitan District,84679,84838,85283,85509,85492,84757,84346,83542,83272,82669,82307,81961,81730,80627,79579,78646,78099,77585,76831,76676,76796,76356,76836,76924,76410,74818,74798,75909,76438,76464
E07000089,Hart,Non-metropolitan District,97608,97073,96293,95465,94882,94395,93680,92959,92224,91662,91276,90986,90566,89866,88874,87519,86367,85180,84238,83590,83056,82988,82621,82939,83278,82078,81818,81752,81443,80547
E07000090,Havant,Non-metropolitan District,126339,126220,125813,125065,123891,123122,122345,121671,121285,120783,120105,119394,119039,118282,117824,117542,117362,117346,117173,116886,117266,117279,116998,116766,116291,117139,118631,116836,118049,119814
E07000091,New Forest,Non-metropolitan District,179649,180086,179753,179590,179529,179275,179014,178186,177480,176789,176323,175432,174548,174048,173269,172423,171769,171256,170595,169506,169254,169200,168472,168579,167612,167132,165107,163525,161564,160893
E07000092,Rushmoor,Non-metropolitan District,94387,94599,95142,95817,96091,95166,95228,94897,94806,94354,93397,92572,92589,91891,91065,90040,89358,89727,89877,90892,89390,90496,89161,86892,86972,87102,86325,85607,87296,85922
E07000093,Test Valley,Non-metropolitan District,127163,126160,125169,123957,122823,121352,119835,118805,117341,116698,115814,115251,115101,114433,113530,112811,112049,111271,110387,109965,109341,108711,108310,106589,104586,103645,103490,103475,102231,101288
E07000094,Winchester,Non-metropolitan District,125925,124859,124295,123879,123100,121734,120290,119037,118074,116820,115789,114505,113267,111820,110628,109947,109179,108515,107844,107264,107390,107307,106878,105207,103778,102520,100404,99376,98823,98388
E10000016,Kent,County,1589057,1581555,1568623,1554636,1540438,1523100,1509301,1493114,1480151,1466466,1451905,1435269,1423308,1407791,1389634,1375217,1361384,1349046,1338968,1331194,1324679,1316720,1306723,1303105,1297663,1293738,1290099,1285806,1285235,1285798
E07000105,Ashford,Non-metropolitan District,131018,130032,129281,127527,125871,124047,123159,121684,120128,118405,116975,115694,114556,113286,111459,109409,107264,105636,104377,103024,101377,100072,97975,97536,96442,95066,93763,93092,93092,93122
E07000106,Canterbury,Non-metropolitan District,166762,165394,164553,164100,162502,159663,157044,154941,153223,150600,148653,146396,146073,145197,143490,141918,140578,138608,136483,135381,134905,133662,132609,132603,131318,130689,130380,129777,128843,129553
E07000107,Dartford,Non-metropolitan District,114051,112606,109709,107516,105117,103531,102010,100399,98851,97604,96337,95266,93946,92242,91174,89990,88277,87011,86403,85956,85509,85045,84619,83712,82981,82632,82443,81682,81005,80141
E07000108,Dover,Non-metropolitan District,118514,118131,116969,115803,114572,113446,113292,112490,111798,111718,111072,110061,109848,109041,107904,107475,106878,105784,104883,104646,104478,104006,103686,103351,103571,104084,104375,104063,104606,104434
E07000109,Gravesham,Non-metropolitan District,106890,106939,106385,106121,106215,105715,104802,103383,102559,101766,101076,100188,99394,98496,97574,96884,95907,95569,95448,95791,95160,94575,93916,93292,93025,93430,93560,93366,93513,93267
E07000110,Maidstone,Non-metropolitan District,173132,171826,169955,167730,165719,164019,161510,159230,157368,155764,153739,151594,149723,147741,145307,143353,142242,141246,140338,139116,138633,137941,138077,138448,138405,137387,136977,137390,137211,137023
E07000111,Sevenoaks,Non-metropolitan District,121387,120750,120293,119429,119011,118165,117625,116889,116306,115351,114509,113754,113298,113132,112500,111266,110045,109280,109105,109242,109539,109646,109141,109414,108744,108378,108938,108817,108845,109386
E07000113,Swale,Non-metropolitan District,151015,150082,148519,146694,144917,142465,140901,139274,137794,136324,134980,133030,131720,129721,127568,126516,125890,125348,124172,123123,121638,120079,118693,118268,117337,117552,116798,116669,116179,116149
E07000114,Thanet,Non-metropolitan District,141458,141922,141819,141337,140828,139822,138526,136792,135687,134402,133508,132337,131750,130637,129601,129301,128782,128140,127675,126750,126453,126476,125523,125370,124433,124265,124380,124668,125402,126078
E07000116,Tunbridge Wells,Non-metropolitan District,118939,118724,118054,118061,117357,116610,116525,116094,115796,115246,114040,112774,111251,108927,107052,105877,105131,104390,104206,104049,103686,103031,102507,101560,102164,102777,102152,101225,101359,101487
E10000025,Oxfordshire,County,696880,691667,687524,682444,678484,673590,669377,663998,660009,654791,648688,643095,638784,635094,630873,627568,620412,616031,609491,607277,607115,603800,596991,593589,588454,585813,579849,577090,580384,576104
E07000177,Cherwell,Non-metropolitan District,151846,150503,149161,147602,146635,145554,144520,143822,142936,142252,141337,140301,139440,138120,137159,135876,134947,133977,132586,131988,132270,130001,128411,127589,128043,127494,124428,122749,126804,124147
E07000178,Oxford,Non-metropolitan District,151584,152457,154327,154582,155292,154716,154664,152406,151477,150245,147907,145478,144433,144188,144513,145383,141593,139917,136625,135509,136597,136507,134563,133230,130063,128547,127671,128002,128801,128907
E07000179,South Oxfordshire,Non-metropolitan District,143782,142057,140504,139767,139156,138177,137477,136328,135722,134961,133915,133466,132611,131626,130676,130050,129359,128920,128754,128307,127890,127886,127141,125593,124485,123098,121580,121396,121263,119988
E07000180,Vale Of White Horse,Non-metropolitan District,137910,136007,133732,131227,128653,126534,124621,123497,122710,121891,120823,120026,119284,118994,118209,117390,116475,116134,115565,115772,114757,113842,112329,112333,111904,112487,112517,112466,111492,112089
E07000181,West Oxfordshire,Non-metropolitan District,111758,110643,109800,109266,108748,108609,108095,107945,107164,105442,104706,103824,103016,102166,100316,98869,98038,97083,95961,95701,95601,95564,94547,94844,93959,94187,93653,92477,92024,90973
E10000030,Surrey,County,1199870,1196236,1189934,1185321,1180956,1172382,1164095,1154136,1144046,1135367,1125804,1113665,1104242,1095639,1082841,1071781,1065142,1062774,1059472,1060163,1057016,1055732,1040161,1038846,1030928,1030224,1027435,1025550,1024331,1023314
E07000207,Elmbridge,Non-metropolitan District,137215,136795,136626,136379,136085,135398,134833,133499,132184,131428,130937,129991,129908,129756,128763,127286,125677,124990,123784,122709,122509,122062,119801,119489,117899,116851,115549,114244,112918,113747
E07000209,Guildford,Non-metropolitan District,150352,148998,147889,147777,146845,145056,142551,140657,139338,137580,135547,133584,132401,131656,130673,129043,128575,128763,129297,129774,128928,128527,126087,125979,123963,124471,125470,125462,126467,125958
E07000210,Mole Valley,Non-metropolitan District,87547,87245,87253,87128,87258,86978,86871,86761,86096,85637,85413,84732,84256,83219,82319,81808,81498,81233,80498,80283,79971,80253,78771,79451,79380,79310,78931,78890,79057,79177
E07000212,Runnymede,Non-metropolitan District,90327,89424,88000,86882,86370,84992,83906,83094,81878,80501,80283,79373,78694,78330,77169,77018,76948,77550,77649,78053,77738,77069,76539,75628,75634,75124,74567,74491,74372,74253
E07000213,Spelthorne,Non-metropolitan District,99873,99844,99334,99120,98869,98419,97941,97371,96737,95852,94848,94001,93182,92425,91512,90571,90127,90225,90292,90404,90511,90606,89240,89356,89255,89260,89357,89191,89064,88371
E07000214,Surrey Heath,Non-metropolitan District,89204,89305,88874,88765,88705,88385,87814,87134,86700,86378,85843,85142,84345,84214,83284,82321,81631,80938,80358,80309,80681,81356,79824,80003,79520,79717,80031,79902,79882,79552
E07000215,Tandridge,Non-metropolitan District,88542,88129,87496,87297,86527,85914,85340,84616,83642,83178,82756,82099,81543,80983,80027,79373,79050,79002,78906,79332,78997,78530,77329,76907,76044,75654,75627,75379,75072,74859
E07000216,Waverley,Non-metropolitan District,126556,126328,125610,125010,124593,124011,123359,122783,122081,121754,120957,120106,119012,118098,117038,116357,116230,116024,115573,115668,115431,115491,114949,114746,113662,114734,114125,114361,114422,115149
E07000217,Woking,Non-metropolitan District,100008,100793,101167,101129,101421,100976,100634,100387,99779,99493,98201,96597,95530,94397,92838,91072,89798,89646,89289,89893,89477,89579,88329,88393,88177,88312,87489,87031,86791,86633
E10000032,West Sussex,County,867635,863980,858852,852353,846888,838525,830512,822940,815960,808919,803154,796039,790978,784283,777402,770798,765987,760883,757263,754976,752258,749126,740840,736528,728211,723543,715478,712033,709817,709986
E07000223,Adur,Non-metropolitan District,64187,64301,63869,63721,63621,63526,63266,62605,61970,61334,61216,61023,60721,60564,60337,59821,59961,59993,60050,59714,59379,58841,58401,58613,58695,58246,57695,57522,57822,58548
E07000224,Arun,Non-metropolitan District,161123,160758,159827,158657,157287,155798,154653,153013,151556,149811,149467,148891,148458,147725,146750,145985,145149,143458,142385,140998,140308,139442,136915,137001,134967,133706,132264,131812,130910,130464
E07000225,Chichester,Non-metropolitan District,121508,121129,120750,120192,119125,117784,116261,115800,114899,113995,113411,112474,111796,110603,109686,108773,108157,107512,106990,106494,106382,105957,104994,103803,102137,102424,101721,101399,101403,101809
E07000226,Crawley,Non-metropolitan District,112474,112409,112448,111664,111546,110887,109874,108953,108234,107053,105478,103843,102827,101610,100746,99703,98887,98712,99195,100440,99966,99351,98332,96656,94310,92768,90683,89612,88584,88290
E07000227,Horsham,Non-metropolitan District,145474,143791,142217,140142,138523,136258,134507,133173,132267,131540,130916,129790,129073,128294,127190,125949,124920,123798,122694,122272,121524,120876,118998,118719,116458,114411,112854,111084,109648,109718
E07000228,Mid Sussex,Non-metropolitan District,152142,151022,149716,148345,147540,145969,144664,142983,141260,140188,138897,137209,135734,133976,132061,130503,129461,128623,127713,127397,126947,127205,127114,125356,125196,125888,124881,124700,124749,123965
E07000229,Worthing,Non-metropolitan District,110727,110570,110025,109632,109246,108303,107287,106413,105774,104998,103769,102809,102369,101511,100632,100064,99452,98787,98236,97661,97752,97454,96086,96380,96448,96100,95380,95904,96701,97192
E12000009,South West,Region,5659143,5624696,5599735,5559316,5516973,5471610,5423278,5377702,5339739,5300831,5261270,5226821,5205044,5170537,5119840,5086121,5038284,5006653,4976129,4943364,4917074,4880958,4849464,4827319,4793090,4781856,4757078,4733634,4713921,4688248
E06000059,Dorset,Unitary Authority,379791,378508,376484,375051,373288,371636,369485,368555,366966,365897,364317,363567,364085,363069,359806,357679,355305,353367,350487,346596,389684,385397,384031,381881,379482,376829,372995,368964,367183,365166
E06000053,Isles Of Scilly,Unitary Authority,2226,2224,2242,2259,2331,2335,2292,2265,2279,2224,2228,2251,2333,2293,2264,2210,2210,2155,2170,2140,2100,2025,1942,1908,1863,1920,1977,2029,1983,2009
E06000054,Wiltshire,Unitary Authority,504070,500024,498064,496043,492240,488487,484560,479911,476914,474319,470199,466711,464007,458840,453041,448670,445632,442633,438386,433508,428251,425242,422136,418840,415836,414251,410702,407284,403871,398650
E10000008,Devon,County,810716,802375,795286,787171,778831,772406,764702,757930,753102,747709,743908,740988,739921,736326,729592,725620,718827,714055,709940,705568,700886,692295,687448,681358,675534,673075,670558,665394,662617,658526
E07000040,East Devon,Non-metropolitan District,148080,146284,144317,142265,140271,138380,136518,135046,134430,133272,132666,132378,132594,132023,130641,129797,128444,127170,126562,125713,124951,123511,122106,122333,121410,122189,121671,119342,118456,117686
E07000041,Exeter,Non-metropolitan District,133333,131405,130428,128916,127522,125679,123018,121030,119040,117063,115712,114419,114167,114109,113128,112970,110697,111064,110636,111180,110522,109684,109627,108047,106620,105502,103492,104148,105658,104756
E07000042,Mid Devon,Non-metropolitan District,83290,82311,81695,80623,79880,79582,79272,78706,78382,77936,77391,76981,76406,75599,74138,73323,72607,71472,70651,69887,69086,67818,67249,66272,65724,65682,66006,65283,64488,64679
E07000043,North Devon,Non-metropolitan District,98170,97145,96110,95440,94643,94162,94027,93839,93845,93976,93293,93046,92775,92355,91744,91146,90433,89570,88477,87674,87127,86370,85888,85891,85285,84840,85518,86137,85241,85035
E07000044,South Hams,Non-metropolitan District,87946,87004,86221,85340,84834,84886,84435,84112,83703,83563,83516,83368,83516,83363,82985,82489,82085,81994,82058,81929,82115,81367,80440,80147,79425,79160,79115,78361,78299,78067
E07000045,Teignbridge,Non-metropolitan District,135039,134163,132844,131437,129917,128903,127432,126088,125047,124271,124359,124451,124396,124066,123508,123460,122964,122424,121810,121167,120382,119087,118523,116725,115941,113996,113442,111536,110785,109435
E07000046,Torridge,Non-metropolitan District,68719,68267,68143,67821,67022,66312,65657,65127,64769,63973,63686,63477,63501,63100,62615,61954,61479,60663,59774,59129,58038,56747,56153,55061,54783,55192,54766,54054,53264,52792
E07000047,West Devon,Non-metropolitan District,56139,55796,55528,55329,54742,54502,54343,53982,53886,53655,53285,52868,52566,51711,50833,50481,50118,49698,49972,48889,48665,47711,47462,46882,46346,46514,46548,46533,46426,46076
E10000013,Gloucestershire,County,640650,637070,633558,628139,623094,617527,611739,605959,602216,598289,594097,590480,587610,585415,580702,576908,572641,569281,566445,564999,564582,561021,555718,557285,550748,547073,543701,541314,538409,535982
E07000078,Cheltenham,Non-metropolitan District,116043,116306,117090,117128,117217,116592,116379,115788,116058,115645,114901,113967,112971,112511,111637,110948,109763,109282,109775,110024,109450,108594,107690,108132,107651,107120,106892,106479,106722,107012
E07000079,Cotswold,Non-metropolitan District,90264,89862,89022,87509,86121,85548,84920,84266,83624,83180,82614,82765,83016,83202,82597,82205,81795,81212,80475,80387,80829,80626,80064,79829,79463,79846,79642,78408,75696,74826
E07000080,Forest Of Dean,Non-metropolitan District,87107,86791,86543,85957,85411,84576,83682,82953,82716,82200,81896,81994,82099,82004,81733,81482,81091,80729,80125,80057,79714,79337,78568,77726,76426,75716,75671,75771,75589,75821
E07000081,Gloucester,Non-metropolitan District,129709,129128,129285,129083,128355,127169,125686,124535,123405,121921,120660,119348,118394,117225,115296,113876,112583,111545,110593,109947,110323,109483,107418,107177,106417,105283,104062,103998,104362,103501
E07000082,Stroud,Non-metropolitan District,120903,119964,119019,118130,117472,116774,115274,114094,113407,113074,112491,111853,111375,111069,110509,110122,109477,108840,108229,108060,107867,107691,107473,107228,106811,106325,105437,104774,104892,104101
E07000083,Tewkesbury,Non-metropolitan District,96624,95019,92599,90332,88518,86868,85798,84323,83006,82269,81535,80553,79755,79404,78930,78275,77932,77673,77248,76524,76399,75290,74505,77193,73980,72783,71997,71884,71148,70721
E10000027,Somerset,County,563851,562225,559399,555195,551446,546466,542203,538370,535197,531581,528609,526592,525668,522150,517252,514338,510659,506790,503132,498707,493940,490430,486347,483752,479789,478489,475569,471868,470122,465677
E07000187,Mendip,Non-metropolitan District,116288,115587,114881,113513,113131,112056,111091,110326,110050,109406,109006,108604,108567,107755,106833,106339,105798,105158,104634,103964,103102,101898,100341,100373,99102,99088,98359,98264,98101,97385
E07000188,Sedgemoor,Non-metropolitan District,123446,123178,122791,122178,121345,120141,118959,117441,116067,114919,113786,112934,112885,112102,110712,109698,108765,107785,107051,106030,105183,104221,103749,102812,101309,100562,100885,100125,99349,98563
E07000189,South Somerset,Non-metropolitan District,168696,168345,167861,167216,166526,165510,164834,164006,163038,162113,160871,160678,160171,158956,157420,156485,154967,153463,152165,151059,150686,150232,149404,148543,147559,147786,146279,144736,143845,142615
W92000004,Wales,Country,3169586,3152879,3138631,3125165,3113150,3099086,3092036,3082412,3074067,3063758,3049971,3038872,3025867,3006299,2985668,2969309,2957422,2937721,2922876,2910232,2906870,2900599,2899521,2894871,2891304,2888517,2887447,2883558,2877674,2872998
W92000004,Wales,Country,3169586,3152879,3138631,3125165,3113150,3099086,3092036,3082412,3074067,3063758,3049971,3038872,3025867,3006299,2985668,2969309,2957422,2937721,2922876,2910232,2906870,2900599,2899521,2894871,2891304,2888517,2887447,2883558,2877674,2872998
S92000003,Scotland,Country,5466000,5463300,5438100,5424800,5404700,5373000,5347600,5327700,5313600,5299900,5262200,5231900,5202900,5170000,5133100,5110200,5084300,5068500,5066000,5064200,5062940,5071950,5077070,5083340,5092190,5103690,5102210,5092460,5085620,5083330
N92000002,Northern Ireland,Country,1895510,1893667,1881641,1870834,1862137,1851621,1840498,1829725,1823634,1814318,1804833,1793333,1779152,1761683,1743113,1727733,1714042,1704924,1697534,1688838,1682944,1679006,1677769,1671261,1661751,1649131,1643707,1635552,1623263,1607295
