SurgeWatch Version 2.0 ,,,,
20/09/2016 00:00,,,,
,,,,
This file contains storm tracks for each category 3 event and higher,,,,
,,,,
Date and time, Longitude (Deg),Latitude (Deg),Atmospheric pressure (mBar),EVENT ID 
03/11/1916 12:00,-30.384952,43.190289,997.985,1
03/11/1916 18:00,-24.710411,42.532371,999.85,1
04/11/1916 00:00,-20.022747,42.367892,999.901,1
04/11/1916 06:00,-13.937008,43.272528,996.558,1
04/11/1916 12:00,-10.894138,45.65748,968.606,1
04/11/1916 18:00,-8.097988,47.877953,960.363,1
05/11/1916 00:00,-6.699913,49.851706,959.412,1
05/11/1916 06:00,-5.877515,51.167542,962.011,1
05/11/1916 12:00,-5.137358,52.812336,966.674,1
05/11/1916 18:00,-3.986002,54.53937,969.735,1
06/11/1916 00:00,-3.986002,56.759843,971.334,1
06/11/1916 06:00,-3.657043,58.157918,971.91,1
06/11/1916 12:00,-4.808399,59.391514,974.328,1
06/11/1916 18:00,-5.384077,59.638233,975.036,1
07/11/1916 00:00,-5.877515,59.720472,974.288,1
07/11/1916 06:00,-7.275591,60.049431,974.102,1
26/01/1917 00:00,-12.014445,36.11392,1003.444,2
26/01/1917 06:00,-10.039396,37.903808,1000.021,2
26/01/1917 12:00,-9.298752,39.323375,1000.444,2
26/01/1917 18:00,-6.397899,43.643795,998.891,2
27/01/1917 00:00,-6.459619,45.125082,997.143,2
27/01/1917 06:00,-5.842416,45.804005,994.366,2
27/01/1917 12:00,-4.669731,47.038411,996.352,2
29/10/1921 12:00,-32.999343,64.752134,1011.008,3
29/10/1921 18:00,-29.543514,65.603448,1008.941,3
30/10/1921 00:00,-13.680893,67.529547,1008.212,3
30/10/1921 06:00,-10.286277,68.331911,1005.808,3
30/10/1921 12:00,-8.86671,68.578792,1000.315,3
30/10/1921 18:00,-6.7065,68.578792,997.844,3
31/10/1921 00:00,-1.297209,68.227422,991.534,3
31/10/1921 06:00,5.031199,67.918719,984.127,3
31/10/1921 12:00,7.500821,67.764368,982.737,3
31/10/1921 18:00,9.198686,66.838259,981.342,3
01/11/1921 00:00,11.359606,65.449097,977.404,3
01/11/1921 06:00,13.057471,65.294745,969.849,3
01/11/1921 12:00,16.607553,64.831691,963.659,3
01/11/1921 18:00,18.45977,63.751232,961.571,3
15/12/1921 12:00,-35.319335,62.023185,997.555,4
15/12/1921 18:00,-32.440945,64.654856,988.127,4
16/12/1921 00:00,-25.20385,65.723972,982.05,4
16/12/1921 06:00,-12.127734,65.559493,979.957,4
16/12/1921 12:00,-10.729659,66.628609,972.527,4
16/12/1921 18:00,-3.657043,65.066054,976.177,4
17/12/1921 00:00,2.098522,65.140394,974.184,4
17/12/1921 06:00,3.333333,65.603448,963.892,4
17/12/1921 12:00,5.142607,65.559493,959.664,4
17/12/1921 18:00,18.054243,60.049431,958.77,4
18/12/1921 00:00,18.136483,59.884952,965.842,4
18/12/1921 06:00,18.45977,60.201149,964.885,4
07/10/1923 00:00,-59.826772,40.065179,1013.099,5
07/10/1923 06:00,-56.043745,41.792213,1010.324,5
07/10/1923 12:00,-50.780402,43.601487,1008.416,5
07/10/1923 18:00,-44.447944,46.644357,1004.95,5
08/10/1923 00:00,-38.362205,51.085302,999.833,5
08/10/1923 06:00,-35.100164,54.335796,995.789,5
08/10/1923 12:00,-25.530378,57.577176,985.774,5
08/10/1923 18:00,-20.28243,59.275041,971.839,5
09/10/1923 00:00,-13.64532,60.664204,966.98,5
09/10/1923 06:00,-8.08867,61.590312,958.039,5
09/10/1923 12:00,-2.686371,62.979475,961.076,5
09/10/1923 18:00,1.172414,63.751232,965.305,5
10/10/1923 00:00,5.031199,63.59688,972.373,5
10/10/1923 06:00,7.692038,63.5035,977.316,5
10/10/1923 12:00,16.916256,61.435961,980.583,5
10/10/1923 18:00,18.794401,60.37839,983.156,5
26/10/1927 18:00,-42.145232,38.584864,1008.596,6
27/10/1927 00:00,-40.089239,38.996063,1008.696,6
27/10/1927 06:00,-33.674541,39.9007,1004.799,6
27/10/1927 12:00,-29.644794,41.052056,999.134,6
27/10/1927 18:00,-24.463692,44.094926,993.906,6
28/10/1927 00:00,-21.256343,46.397638,992.344,6
28/10/1927 06:00,-15.581802,49.193788,991.396,6
28/10/1927 12:00,-10.729659,52.072178,988.993,6
28/10/1927 18:00,-5.219598,54.950569,989.312,6
29/10/1927 00:00,1.195101,57.828959,988.985,6
29/10/1927 06:00,4.876847,60.046798,982.869,6
29/10/1927 12:00,10.587849,61.281609,985.822,6
29/10/1927 18:00,15.835796,60.664204,990.661,6
30/10/1927 00:00,18.95888,59.555993,996.934,6
03/01/1928 18:00,-66.981627,30.031934,1019.009,7
04/01/1928 00:00,-64.596675,34.226159,1018.839,7
04/01/1928 06:00,-62.047244,37.104549,1015.49,7
04/01/1928 12:00,-57.44182,41.052056,1012.729,7
04/01/1928 18:00,-52.507437,44.999563,1008.993,7
05/01/1928 00:00,-48.888889,48.78259,1008.47,7
05/01/1928 06:00,-44.118985,52.894576,1004.265,7
05/01/1928 12:00,-38.197725,54.786089,999.054,7
05/01/1928 18:00,-28.986877,57.746719,997.034,7
06/01/1928 00:00,-15.335083,59.309274,992.444,7
06/01/1928 06:00,-4.075534,58.811987,984.769,7
06/01/1928 12:00,3.487685,57.422824,982.582,7
06/01/1928 18:00,10.587849,55.416256,984.812,7
07/01/1928 00:00,16.491689,53.552493,989.074,7
07/01/1928 06:00,18.95888,53.141295,996.432,7
07/11/1931 00:00,-59.991251,43.930446,1004.557,8
07/11/1931 06:00,-55.056868,44.588364,999.732,8
07/11/1931 12:00,-50.07225,48.007389,992.399,8
07/11/1931 18:00,-44.978654,49.2422,985.858,8
08/11/1931 00:00,-41.737274,51.248768,986.78,8
08/11/1931 06:00,-38.773403,51.989939,979.616,8
08/11/1931 12:00,-34.908136,51.57874,976.8,8
08/11/1931 18:00,-30.549431,51.4965,976.205,8
09/11/1931 00:00,-22.736658,52.072178,974.084,8
09/11/1931 06:00,-18.624672,53.223535,966.046,8
09/11/1931 12:00,-17.802275,53.388014,965.395,8
09/11/1931 18:00,-16.404199,53.305774,962.029,8
10/11/1931 00:00,-14.512686,53.388014,962.311,8
10/11/1931 06:00,-14.183727,53.552493,960.054,8
10/11/1931 12:00,-11.058618,53.305774,963.096,8
10/11/1931 18:00,-9.002625,54.45713,964.231,8
11/11/1931 00:00,-7.604549,55.937445,965.372,8
11/11/1931 06:00,-6.041995,56.677603,966.617,8
11/11/1931 12:00,-4.075534,57.268473,969.195,8
11/11/1931 18:00,-4.384236,57.114122,972.099,8
12/11/1931 00:00,-3.458128,58.194581,974.008,8
12/11/1931 06:00,-1.914614,59.429392,978.648,8
12/11/1931 12:00,-0.449694,61.529746,983.954,8
12/11/1931 18:00,-0.202975,66.38189,986.531,8
13/11/1931 00:00,0.290464,67.533246,989.734,8
27/11/1936 18:00,-62.047244,40.805337,1005.038,9
28/11/1936 00:00,-59.991251,41.134296,1005.408,9
28/11/1936 06:00,-56.701662,42.86133,1004.687,9
28/11/1936 12:00,-54.234471,45.246282,1003.862,9
28/11/1936 18:00,-50.07225,50.477011,1000.029,9
29/11/1936 00:00,-46.010499,54.045932,994.582,9
29/11/1936 06:00,-39.730706,58.348933,992.251,9
29/11/1936 12:00,-32.167488,62.979475,982.083,9
29/11/1936 18:00,-23.832512,63.905583,963.323,9
30/11/1936 00:00,-12.456693,64.243657,969.139,9
30/11/1936 06:00,-0.367454,65.230534,962.849,9
30/11/1936 12:00,3.662292,65.312773,960.629,9
30/11/1936 18:00,6.705162,64.901575,963.321,9
01/12/1936 00:00,10.433498,63.905583,965.407,9
01/12/1936 06:00,15.833771,60.213911,969.299,9
01/12/1936 12:00,18.218723,59.062555,972.522,9
01/12/1936 18:00,18.629921,58.486877,974.3,9
13/01/1938 06:00,-45.023622,37.433508,1009.028,10
13/01/1938 12:00,-38.608924,39.653981,1007.276,10
13/01/1938 18:00,-32.687664,42.450131,1001.588,10
14/01/1938 00:00,-26.91954,44.920361,995.717,10
14/01/1938 06:00,-22.288998,48.161741,982.648,10
14/01/1938 12:00,-18.789151,49.933946,965.103,10
14/01/1938 18:00,-15.335083,52.565617,963.056,10
15/01/1938 00:00,-12.127734,54.868329,961.586,10
15/01/1938 06:00,-7.111111,56.101925,963.259,10
15/01/1938 12:00,-3.657043,57.911199,967.967,10
15/01/1938 18:00,-1.272091,59.720472,972.889,10
16/01/1938 00:00,-0.943132,62.434383,976.56,10
16/01/1938 06:00,-0.778653,64.572616,977.139,10
16/01/1938 12:00,-0.860892,66.29965,976.106,10
16/01/1938 18:00,-0.696413,66.793088,975.588,10
17/01/1938 00:00,0.125984,67.615486,975.078,10
17/01/1938 06:00,2.264217,68.108924,975.386,10
17/01/1938 12:00,7.445319,70.576115,978.773,10
07/02/1938 00:00,-74.629921,43.765967,1009.561,11
07/02/1938 06:00,-69.284339,44.341645,1005.428,11
07/02/1938 12:00,-64.103237,44.588364,1000.234,11
07/02/1938 18:00,-58.510936,45.493001,997.212,11
08/02/1938 00:00,-54.31671,46.068679,998.397,11
08/02/1938 06:00,-53.823272,45.081802,999.216,11
08/02/1938 12:00,-52.754156,44.094926,1000.96,11
08/02/1938 18:00,-52.013998,43.108049,999.541,11
09/02/1938 00:00,-50.944882,42.77909,1001.666,11
09/02/1938 06:00,-49.053368,44.423885,998.454,11
09/02/1938 12:00,-46.915136,47.055556,999.696,11
09/02/1938 18:00,-45.5993,48.70035,998.087,11
10/02/1938 00:00,-43.707787,50.838583,1000.432,11
10/02/1938 06:00,-40.335958,54.786089,998.894,11
10/02/1938 12:00,-39.349081,57.664479,994.38,11
10/02/1938 18:00,-36.79965,57.006562,1008.954,11
11/02/1938 00:00,-35.319335,60.54287,997.898,11
11/02/1938 06:00,-31.947507,62.352143,993.764,11
11/02/1938 12:00,-26.437445,63.5035,998.325,11
11/02/1938 18:00,-17.555556,64.079178,1005.9,11
12/02/1938 00:00,-7.00821,63.133826,1011.455,11
12/02/1938 06:00,5.494253,57.885878,1002.453,11
12/02/1938 12:00,8.185477,54.868329,998.331,11
12/02/1938 18:00,9.994751,52.976815,999.099,11
13/02/1938 00:00,11.557305,50.920822,1003.047,11
13/02/1938 06:00,13.366579,49.933946,1005.122,11
09/12/1942 12:00,-73.149606,34.390639,1014.652,12
09/12/1942 18:00,-70.024497,35.624234,1009.554,12
10/12/1942 00:00,-65.912511,35.953193,1007.671,12
10/12/1942 06:00,-61.389326,36.035433,1005.926,12
10/12/1942 12:00,-55.320197,35.96798,1004.622,12
10/12/1942 18:00,-50.07225,35.96798,1002.305,12
11/12/1942 00:00,-45.188101,36.611111,1002.641,12
11/12/1942 06:00,-37.539808,38.338145,984.034,12
11/12/1942 12:00,-34.332458,40.065179,978.339,12
11/12/1942 18:00,-30.469622,42.60509,977.201,12
12/12/1942 00:00,-27.424322,43.765967,974.719,12
12/12/1942 06:00,-24.295567,46.155172,970.014,12
12/12/1942 12:00,-21.420822,48.371391,968.492,12
12/12/1942 18:00,-20.022747,50.509624,965.089,12
13/12/1942 00:00,-17.555556,51.167542,962.143,12
13/12/1942 06:00,-16.23972,51.907699,960.28,12
13/12/1942 12:00,-18.131234,55.279528,956.978,12
13/12/1942 18:00,-17.349754,56.496716,961.481,12
14/12/1942 00:00,-15.960591,58.04023,964.031,12
14/12/1942 06:00,-18.275862,56.95977,961.674,12
14/12/1942 12:00,-18.953631,54.786089,956.571,12
14/12/1942 18:00,-17.349754,53.872742,957.398,12
15/12/1942 00:00,-18.460192,56.101925,965.46,12
15/12/1942 06:00,-18.131234,56.266404,967.34,12
15/12/1942 12:00,-22.736658,58.733596,969.127,12
15/12/1942 18:00,-31.618548,59.884952,964.841,12
16/12/1942 00:00,-33.92126,59.720472,960.492,12
16/12/1942 06:00,-34.414698,59.884952,959.979,12
16/12/1942 12:00,-34.167979,60.789589,964.971,12
16/12/1942 18:00,-32.852143,61.200787,968.045,12
27/02/1949 06:00,-40.747157,56.184164,1011.315,13
27/02/1949 12:00,-37.724138,58.811987,1013.217,13
27/02/1949 18:00,-30.623974,62.207718,1012.432,13
28/02/1949 00:00,-25.530378,62.362069,1007.704,13
28/02/1949 06:00,-19.20197,62.51642,1005.925,13
28/02/1949 12:00,-12.410509,61.435961,1005.214,13
28/02/1949 18:00,-3.303777,59.738095,995.408,13
01/03/1949 00:00,4.413793,56.805419,987.349,13
01/03/1949 06:00,9.090114,54.786089,981.961,13
01/03/1949 12:00,13.2021,53.716973,982.627,13
01/03/1949 18:00,16.902887,52.730096,986.5,13
02/03/1949 00:00,18.794401,52.236658,990.18,13
29/01/1953 18:00,-22.572178,60.707349,1003.285,14
30/01/1953 00:00,-19.20035,60.871829,999.152,14
30/01/1953 06:00,-14.512686,61.036308,994.054,14
30/01/1953 12:00,-10.894138,61.118548,989.029,14
30/01/1953 18:00,-6.206474,61.365267,983.928,14
31/01/1953 00:00,-2.752406,61.283027,978.307,14
31/01/1953 06:00,0.948381,60.625109,974.992,14
31/01/1953 12:00,3.497813,58.569116,974.112,14
31/01/1953 18:00,6.883415,57.422824,977.865,14
01/02/1953 00:00,8.761155,55.772966,980.539,14
01/02/1953 06:00,9.994751,54.292651,982.888,14
01/02/1953 12:00,12.461942,52.894576,989.475,14
01/02/1953 18:00,13.942257,52.072178,994.927,14
09/11/1954 12:00,-57.27734,39.653981,1010.025,15
09/11/1954 18:00,-54.974628,40.805337,1007.677,15
10/11/1954 00:00,-49.053368,44.012686,1004.796,15
10/11/1954 06:00,-42.885389,46.479878,1002.424,15
10/11/1954 12:00,-35.254516,50.168309,998.685,15
10/11/1954 18:00,-27.845649,52.329228,992.483,15
11/11/1954 00:00,-19.973727,54.644499,987.47,15
11/11/1954 06:00,-13.64532,57.114122,979.672,15
11/11/1954 12:00,-8.706076,59.12069,972.408,15
11/11/1954 18:00,-2.53202,60.818555,967.584,15
12/11/1954 00:00,3.251094,61.611986,972.073,15
12/11/1954 06:00,8.581281,63.133826,976.619,15
12/11/1954 12:00,15.372742,64.831691,981.391,15
12/11/1954 18:00,18.794401,64.901575,985.364,15
23/11/1954 18:00,-74.465442,34.390639,1007.774,16
24/11/1954 00:00,-71.011374,36.117673,1003.149,16
24/11/1954 06:00,-67.639545,38.009186,999.188,16
24/11/1954 12:00,-62.26601,41.524631,998.768,16
24/11/1954 18:00,-57.481117,43.376847,996.854,16
25/11/1954 00:00,-50.998358,45.692118,995.873,16
25/11/1954 06:00,-43.280788,47.081281,991.98,16
25/11/1954 12:00,-34.019704,48.316092,986.178,16
25/11/1954 18:00,-25.83908,49.087849,978.101,16
26/11/1954 00:00,-19.665025,50.32266,971.222,16
26/11/1954 06:00,-15.170604,51.003062,963.15,16
26/11/1954 12:00,-11.552056,51.989939,960.482,16
26/11/1954 18:00,-8.426947,53.716973,961.721,16
27/11/1954 00:00,-6.864392,55.032808,965.517,16
27/11/1954 06:00,-9.167104,57.664479,964.572,16
27/11/1954 12:00,-12.456693,59.144794,963.862,16
27/11/1954 18:00,-18.131234,59.144794,963.02,16
28/11/1954 00:00,-19.693788,58.486877,961.472,16
28/11/1954 06:00,-20.351706,58.569116,962.821,16
28/11/1954 12:00,-20.022747,58.486877,965.755,16
28/11/1954 18:00,-21.091864,58.651356,967.173,16
29/11/1954 00:00,-21.749781,58.651356,967.843,16
29/11/1954 06:00,-21.914261,58.075678,967.736,16
29/11/1954 12:00,-22.07874,57.335521,968.724,16
29/11/1954 18:00,-22.407699,56.842082,968.115,16
30/11/1954 00:00,-22.983377,56.595363,967.905,16
30/11/1954 06:00,-22.736658,56.759843,969.013,16
30/11/1954 12:00,-22.407699,56.759843,972.238,16
27/03/1958 12:00,-68.873141,36.94007,999.066,17
27/03/1958 18:00,-67.310586,37.515748,995.066,17
28/03/1958 00:00,-65.336833,38.338145,992.28,17
28/03/1958 06:00,-64.020997,38.420385,991.282,17
28/03/1958 12:00,-62.869641,38.584864,992.168,17
28/03/1958 18:00,-62.211724,38.338145,991.043,17
29/03/1958 00:00,-61.142607,38.091426,991.303,17
29/03/1958 06:00,-59.662292,38.091426,991.7,17
29/03/1958 12:00,-58.510936,38.502625,992.57,17
29/03/1958 18:00,-57.27734,38.173666,990.969,17
30/03/1958 00:00,-55.221347,38.749344,993.183,17
30/03/1958 06:00,-54.152231,38.420385,993.031,17
30/03/1958 12:00,-53.412073,38.913823,993.339,17
30/03/1958 18:00,-51.931759,38.749344,992.109,17
31/03/1958 00:00,-49.464567,39.160542,992.827,17
31/03/1958 06:00,-46.750656,40.476378,992.212,17
31/03/1958 12:00,-43.296588,42.367892,991.371,17
31/03/1958 18:00,-39.67804,43.683727,988.118,17
01/04/1958 00:00,-36.643678,45.074713,986.904,17
01/04/1958 06:00,-33.865353,46.155172,983.666,17
01/04/1958 12:00,-31.550082,47.853038,982.761,17
01/04/1958 18:00,-29.891514,48.70035,981.538,17
02/04/1958 00:00,-27.753281,49.687227,983.923,17
02/04/1958 06:00,-25.221675,48.933498,982.979,17
02/04/1958 12:00,-23.476815,47.795713,983.636,17
02/04/1958 18:00,-21.256343,47.137795,984.371,17
03/04/1958 00:00,-18.624672,46.479878,984.703,17
03/04/1958 06:00,-16.568679,46.068679,985.532,17
03/04/1958 12:00,-14.183727,45.575241,988.619,17
03/04/1958 18:00,-11.223097,45.493001,992.149,17
04/04/1958 00:00,-9.002625,45.575241,995.786,17
04/04/1958 06:00,-6.864392,45.65748,997.742,17
04/04/1958 12:00,-2.094488,47.795713,999.931,17
04/04/1958 18:00,1.935258,49.358268,1001.347,17
05/04/1958 00:00,1.35958,50.509624,1003.366,17
05/04/1958 06:00,2.264217,50.756343,1004.411,17
24/02/1962 12:00,-74.794401,39.489501,1007.631,18
24/02/1962 18:00,-68.873141,40.640857,1005.74,18
25/02/1962 00:00,-60.895888,40.887577,1002.331,18
25/02/1962 06:00,-56.043745,41.874453,993.436,18
25/02/1962 12:00,-50.451444,42.203412,986.877,18
25/02/1962 18:00,-47.161855,43.108049,981.82,18
26/02/1962 00:00,-44.612423,44.423885,976.316,18
26/02/1962 06:00,-44.283465,45.493001,973.289,18
26/02/1962 12:00,-44.201225,45.246282,975.868,18
26/02/1962 18:00,-45.023622,45.164042,976.582,18
27/02/1962 00:00,-46.257218,44.177165,978.105,18
27/02/1962 06:00,-47.819773,42.038933,979.784,18
27/02/1962 12:00,-47.737533,39.653981,979.861,18
27/02/1962 18:00,-45.928259,37.433508,978.207,18
28/02/1962 00:00,-44.201225,36.117673,978.566,18
28/02/1962 06:00,-42.309711,35.624234,978.062,18
28/02/1962 12:00,-40.335958,35.788714,980.281,18
28/02/1962 18:00,-39.67804,38.749344,976.103,18
01/03/1962 00:00,-39.84252,40.229659,975.733,18
01/03/1962 06:00,-39.76028,40.969816,975.03,18
01/03/1962 12:00,-40.747157,41.709974,975.717,18
01/03/1962 18:00,-41.980752,42.038933,974.943,18
02/03/1962 00:00,-42.885389,42.203412,977.629,18
02/03/1962 06:00,-44.201225,42.532371,978.311,18
02/03/1962 12:00,-45.270341,42.77909,981.124,18
02/03/1962 18:00,-45.76378,43.601487,982.416,18
03/03/1962 00:00,-47.737533,44.670604,984.65,18
03/03/1962 06:00,-49.958005,45.73972,984.021,18
03/03/1962 12:00,-51.273841,46.150919,985.972,18
03/03/1962 18:00,-52.507437,45.575241,985.869,18
04/03/1962 00:00,-54.727909,44.588364,987.262,18
04/03/1962 06:00,-55.550306,43.190289,988.869,18
04/03/1962 12:00,-55.221347,41.052056,990.69,18
04/03/1962 18:00,-54.069991,40.476378,989.296,18
05/03/1962 00:00,-52.096238,40.229659,987.46,18
05/03/1962 06:00,-47.819773,40.229659,986.588,18
05/03/1962 12:00,-45.76378,40.229659,984.506,18
05/03/1962 18:00,-42.474191,40.969816,981.67,18
06/03/1962 00:00,-39.020122,41.381015,980.322,18
06/03/1962 06:00,-36.223972,41.792213,977.066,18
06/03/1962 12:00,-33.402299,42.450739,976.411,18
06/03/1962 18:00,-30.932677,43.222496,975.085,18
07/03/1962 00:00,-27.845649,43.222496,975.824,18
07/03/1962 06:00,-24.604269,43.68555,976.256,18
07/03/1962 12:00,-22.597701,44.302956,978.86,18
07/03/1962 18:00,-17.062117,50.262905,979.594,18
08/03/1962 00:00,-17.062117,50.591864,982.222,18
08/03/1962 06:00,-16.269294,51.40312,983.331,18
08/03/1962 12:00,-15.960591,51.866174,986.282,18
08/03/1962 18:00,-15.034483,52.48358,987.747,18
09/03/1962 00:00,-14.262726,53.718391,989.252,18
09/03/1962 06:00,-15.960591,54.953202,988.409,18
09/03/1962 12:00,-17.967159,55.87931,989.233,18
23/02/1967 06:00,-74.537098,34.632633,1002.658,19
23/02/1967 12:00,-70.340118,37.780368,995.766,19
23/02/1967 18:00,-67.439265,40.3109,984.377,19
24/02/1967 00:00,-65.464215,43.890676,975.733,19
24/02/1967 06:00,-63.550886,46.236047,972.093,19
24/02/1967 12:00,-61.884439,48.149376,973.621,19
24/02/1967 18:00,-61.267236,50.124425,977.248,19
25/02/1967 00:00,-62.13132,50.803349,981.256,19
25/02/1967 06:00,-61.822718,51.235391,982.032,19
25/02/1967 12:00,-60.03283,52.037754,981.534,19
25/02/1967 18:00,-56.761655,53.21044,983.229,19
26/02/1967 00:00,-51.700591,55.247209,982.189,19
26/02/1967 06:00,-43.985555,56.358175,978.676,19
26/02/1967 12:00,-39.788575,57.222259,975.066,19
26/02/1967 18:00,-35.776756,57.777741,970.159,19
27/02/1967 00:00,-32.567301,58.703546,968.984,19
27/02/1967 06:00,-27.691399,59.197308,965.119,19
27/02/1967 12:00,-12.755089,61.419238,960.027,19
27/02/1967 18:00,-9.360473,62.777085,953.212,19
28/02/1967 00:00,-6.274458,63.270847,946.415,19
28/02/1967 06:00,-4.54629,64.875575,943.588,19
28/02/1967 12:00,-3.497045,66.480302,943.655,19
28/02/1967 18:00,-2.818122,66.850624,945.006,19
01/03/1967 00:00,-1.460276,67.097505,948.456,19
01/03/1967 06:00,-0.349311,67.220946,950.835,19
01/03/1967 12:00,-0.28759,67.220946,953.325,19
01/03/1967 18:00,-0.28759,67.220946,956.261,19
02/03/1967 00:00,-0.472751,67.220946,958.072,19
02/03/1967 06:00,0.699934,66.850624,960.5,19
02/03/1967 12:00,3.230466,67.097505,965.395,19
02/03/1967 18:00,6.686802,68.949114,969.396,19
03/03/1967 00:00,6.686802,69.874918,970.009,19
03/03/1967 06:00,7.921208,69.998359,970.996,19
03/03/1967 12:00,9.711097,71.047603,973.233,19
03/03/1967 18:00,12.735391,72.096848,975.129,19
04/03/1967 00:00,15.142482,73.454695,978.618,19
04/03/1967 06:00,16.623769,74.195338,982.147,19
04/03/1967 12:00,18.413657,76.046947,985.776,19
04/03/1967 18:00,18.783979,76.849311,988.544,19
22/09/1969 06:00,-67.557305,34.390639,1010.963,20
22/09/1969 12:00,-67.392826,34.637358,1009.403,20
22/09/1969 18:00,-66.817148,34.801837,1007.212,20
23/09/1969 00:00,-67.557305,34.390639,1004.588,20
23/09/1969 06:00,-67.639545,34.801837,1002.614,20
23/09/1969 12:00,-68.132983,34.390639,1001.533,20
23/09/1969 18:00,-69.284339,34.719598,1002.119,20
24/09/1969 00:00,-69.03762,35.048556,1001.349,20
24/09/1969 06:00,-68.379703,36.117673,998.941,20
24/09/1969 12:00,-67.557305,37.269029,999.569,20
24/09/1969 18:00,-66.15923,38.091426,999.932,20
25/09/1969 00:00,-64.761155,40.476378,1000.797,20
25/09/1969 06:00,-63.034121,40.969816,999.742,20
25/09/1969 12:00,-60.073491,42.203412,999.929,20
25/09/1969 18:00,-58.346457,44.012686,1001.328,20
26/09/1969 00:00,-55.632546,44.835083,1002.349,20
26/09/1969 06:00,-52.671916,45.986439,1002.027,20
26/09/1969 12:00,-49.875766,47.466754,1004.363,20
26/09/1969 18:00,-46.339458,49.276028,1006.466,20
27/09/1969 00:00,-41.980752,51.085302,1005.971,20
27/09/1969 06:00,-35.71757,53.255337,1003.187,20
27/09/1969 12:00,-31.395731,55.107553,1002.55,20
27/09/1969 18:00,-25.20385,56.513123,999.33,20
28/09/1969 00:00,-17.658456,59.275041,993.006,20
28/09/1969 06:00,-12.101806,59.583744,984.213,20
28/09/1969 12:00,-5.464696,60.201149,976.217,20
28/09/1969 18:00,0.091954,61.281609,974.879,20
29/09/1969 00:00,3.796388,62.825123,975.18,20
29/09/1969 06:00,8.118227,63.133826,974.521,20
29/09/1969 12:00,12.594417,63.751232,979.693,20
29/09/1969 18:00,16.144499,64.368637,984.884,20
30/09/1969 00:00,18.547682,65.723972,989.362,20
07/02/1974 06:00,-74.712161,39.078303,1011.76,21
07/02/1974 12:00,-72.409449,39.81846,1005.615,21
07/02/1974 18:00,-66.817148,40.805337,1001.105,21
08/02/1974 00:00,-62.047244,41.792213,995.85,21
08/02/1974 06:00,-55.961505,42.86133,990.765,21
08/02/1974 12:00,-50.533683,43.683727,987.767,21
08/02/1974 18:00,-44.283465,44.835083,983.137,21
09/02/1974 00:00,-38.444444,46.068679,979.429,21
09/02/1974 06:00,-34.0035,47.960192,974.512,21
09/02/1974 12:00,-28.926108,50.168309,973.232,21
09/02/1974 18:00,-26.108486,51.085302,965.324,21
10/02/1974 00:00,-21.914261,53.470254,959.925,21
10/02/1974 06:00,-19.693788,54.53937,954.877,21
10/02/1974 12:00,-16.897638,55.444007,954.801,21
10/02/1974 18:00,-14.677165,56.348644,953.347,21
11/02/1974 00:00,-11.881015,57.746719,955.011,21
11/02/1974 06:00,-10.31846,59.391514,957.348,21
11/02/1974 12:00,-9.496063,60.37839,958.986,21
11/02/1974 18:00,-9.323481,61.281609,959.566,21
12/02/1974 00:00,-8.426947,61.036308,961.053,21
12/02/1974 06:00,-7.44007,61.611986,962.049,21
12/02/1974 12:00,-6.853859,62.207718,965.109,21
12/02/1974 18:00,-3.986002,63.010061,968.597,21
13/02/1974 00:00,-1.107612,64.819335,971.728,21
13/02/1974 06:00,-0.062397,65.603448,973.839,21
13/02/1974 12:00,0.863711,66.529557,978.35,21
13/02/1974 18:00,1.326765,67.764368,982.011,21
14/02/1974 00:00,2.252874,69.307882,985.707,21
14/02/1974 06:00,3.024631,70.542693,986.813,21
14/02/1974 12:00,2.870279,71.931856,987.413,21
14/02/1974 18:00,0.783902,72.549869,988.298,21
15/02/1974 00:00,-0.449694,73.372266,989.162,21
15/02/1974 06:00,-1.68329,73.947944,989.765,21
15/02/1974 12:00,-3.657043,73.947944,991.857,21
15/02/1974 18:00,-5.219598,73.618985,994.356,21
16/02/1974 00:00,-6.206474,73.618985,997.149,21
16/02/1974 06:00,-8.426947,73.536745,998.135,21
16/02/1974 12:00,-8.591426,74.030184,999.228,21
30/12/1975 06:00,-47.984252,37.186789,1006.522,22
30/12/1975 12:00,-46.997375,37.02231,1004.005,22
30/12/1975 18:00,-45.846019,37.02231,1000.387,22
31/12/1975 00:00,-45.023622,36.693351,998.633,22
31/12/1975 06:00,-43.872266,35.870954,995.885,22
31/12/1975 12:00,-42.967629,35.788714,996.865,22
31/12/1975 18:00,-42.474191,36.199913,994.443,22
01/01/1976 00:00,-40.829396,38.996063,995.381,22
01/01/1976 06:00,-39.595801,41.463255,994.723,22
01/01/1976 12:00,-36.964129,44.094926,997.22,22
01/01/1976 18:00,-34.174056,46.926929,996.116,22
02/01/1976 00:00,-30.469622,49.550903,996.815,22
02/01/1976 06:00,-21.517241,53.409688,993.214,22
02/01/1976 12:00,-13.336617,55.724959,987.023,22
02/01/1976 18:00,-4.150481,56.348644,976.08,22
03/01/1976 00:00,3.642036,56.342365,973.642,22
03/01/1976 06:00,10.587849,56.188013,972.793,22
03/01/1976 12:00,14.755337,55.570608,976.208,22
03/01/1976 18:00,18.151067,54.181445,981.154,22
04/01/1976 00:00,18.95888,53.305774,988.23,22
08/11/1977 00:00,-43.543307,41.463255,1005.407,23
08/11/1977 06:00,-39.885057,41.370279,998.509,23
08/11/1977 12:00,-37.046369,41.709974,989.416,23
08/11/1977 18:00,-34.496938,43.601487,981.837,23
09/11/1977 00:00,-32.687664,45.081802,978.322,23
09/11/1977 06:00,-31.04287,46.150919,974.777,23
09/11/1977 12:00,-28.986877,47.795713,972.247,23
09/11/1977 18:00,-27.424322,50.098425,972.259,23
10/11/1977 00:00,-24.874891,52.401137,974.056,23
10/11/1977 06:00,-21.517241,56.033662,975.128,23
10/11/1977 12:00,-17.658456,59.12069,971.739,23
10/11/1977 18:00,-13.854768,61.447507,966.76,23
11/11/1977 00:00,-9.660542,63.832458,964.516,23
11/11/1977 06:00,-6.370954,65.066054,961.88,23
11/11/1977 12:00,-4.314961,65.970691,960.49,23
11/11/1977 18:00,-3.410324,66.135171,961.195,23
12/11/1977 00:00,-2.423447,66.29965,961.98,23
12/11/1977 06:00,-1.914614,66.220854,961.14,23
12/11/1977 12:00,0.701662,64.901575,965.671,23
12/11/1977 18:00,14.600175,62.187664,968.997,23
13/11/1977 00:00,17.396325,61.776465,969.597,23
13/11/1977 06:00,18.95888,61.611986,970.019,23
06/01/1978 18:00,-37.539808,63.5035,986.036,24
07/01/1978 00:00,-38.033246,63.010061,986.141,24
07/01/1978 06:00,-38.115486,63.092301,985.984,24
07/01/1978 12:00,-38.197725,63.010061,988.105,24
07/01/1978 18:00,-38.115486,62.516623,988.565,24
08/01/1978 00:00,-36.223972,62.681102,989.241,24
08/01/1978 06:00,-34.579178,62.927822,988.163,24
08/01/1978 12:00,-34.661417,62.927822,987.884,24
08/01/1978 18:00,-33.92126,62.681102,986.529,24
09/01/1978 00:00,-32.769904,63.25678,987.17,24
09/01/1978 06:00,-30.220472,62.927822,986.489,24
09/01/1978 12:00,-26.190726,63.174541,988.062,24
09/01/1978 18:00,-23.147857,63.25678,988.326,24
10/01/1978 00:00,-20.516185,62.681102,988.351,24
10/01/1978 06:00,-17.637795,61.529746,988.684,24
10/01/1978 12:00,-10.729659,60.871829,988.625,24
10/01/1978 18:00,-6.864392,59.802712,986.483,24
11/01/1978 00:00,-4.314961,56.924322,988.439,24
11/01/1978 06:00,-0.367454,52.894576,984.084,24
11/01/1978 12:00,2.428696,52.154418,982.722,24
11/01/1978 18:00,5.339901,52.174877,988.219,24
12/01/1978 00:00,6.729064,52.637931,994.663,24
12/01/1978 06:00,8.432196,52.154418,999.887,24
09/12/1978 18:00,-71.451083,39.631976,998.437,25
10/12/1978 00:00,-68.056467,40.3109,994.59,25
10/12/1978 06:00,-65.032173,41.298424,989.698,25
10/12/1978 12:00,-59.168746,42.224228,984.751,25
10/12/1978 18:00,-53.73736,43.767236,980.876,25
11/12/1978 00:00,-46.392646,46.050886,977.117,25
11/12/1978 06:00,-39.665135,48.087656,969.389,25
11/12/1978 12:00,-35.344714,49.877544,961.642,25
11/12/1978 18:00,-29.357846,50.186146,957.48,25
12/12/1978 00:00,-23.309258,50.926789,958.084,25
12/12/1978 06:00,-16.766907,52.593237,956.528,25
12/12/1978 12:00,-14.298096,53.951083,957.097,25
12/12/1978 18:00,-12.508207,55.062049,958.785,25
13/12/1978 00:00,-10.90348,55.555811,959.193,25
13/12/1978 06:00,-10.224557,55.926133,959.332,25
13/12/1978 12:00,-9.175312,55.679251,962.049,25
13/12/1978 18:00,-9.422193,55.617531,963.878,25
14/12/1978 00:00,-8.619829,55.123769,968.801,25
14/12/1978 06:00,-7.200263,54.815167,972.614,25
14/12/1978 12:00,-5.101773,54.506566,975.34,25
14/12/1978 18:00,-4.114248,54.074524,977.776,25
15/12/1978 00:00,-2.632961,53.395601,981.7,25
15/12/1978 06:00,-0.719632,52.531517,984.996,25
15/12/1978 12:00,0.082731,52.099475,987.157,25
15/12/1978 18:00,-0.040709,51.605712,990.362,25
01/01/1979 06:00,-40.652659,42.59455,1007.806,26
01/01/1979 12:00,-39.294813,42.903152,1009.37,26
01/01/1979 18:00,-37.566645,43.396914,1008.435,26
02/01/1979 00:00,-35.159554,44.199278,1010.102,26
02/01/1979 06:00,-30.839133,45.927446,1009.539,26
02/01/1979 12:00,-27.567958,47.223572,1009.529,26
02/01/1979 18:00,-23.556139,48.95174,1005.31,26
03/01/1979 00:00,-20.593565,48.766579,1001.223,26
03/01/1979 06:00,-15.902823,47.964215,991.643,26
03/01/1979 12:00,-13.187131,47.593894,987.587,26
03/01/1979 18:00,-10.162837,47.347012,984.733,26
04/01/1979 00:00,-7.570584,47.100131,983.882,26
04/01/1979 06:00,-5.657255,46.976691,983.804,26
04/01/1979 12:00,-4.48457,46.72981,988.512,26
04/01/1979 18:00,-3.373605,46.421208,993.507,26
05/01/1979 00:00,-3.311884,46.236047,999.612,26
09/02/1979 18:00,-73.734734,33.768549,1008,27
10/02/1979 00:00,-69.167433,34.324032,1003.42,27
10/02/1979 06:00,-64.35325,35.188116,997.75,27
10/02/1979 12:00,-58.119501,37.101445,991.711,27
10/02/1979 18:00,-51.145108,40.002298,967.863,27
11/02/1979 00:00,-44.417597,42.59455,963.627,27
11/02/1979 06:00,-39.665135,44.878201,959.842,27
11/02/1979 12:00,-35.406435,46.606369,957.35,27
11/02/1979 18:00,-32.011819,47.840775,956.22,27
12/02/1979 00:00,-28.432042,48.828299,962.106,27
12/02/1979 06:00,-26.395272,49.198621,965.586,27
12/02/1979 12:00,-23.80302,49.877544,970.145,27
12/02/1979 18:00,-14.544977,49.075181,973.64,27
13/02/1979 00:00,-11.891005,49.630663,976.09,27
13/02/1979 06:00,-8.74327,49.754104,976.442,27
13/02/1979 12:00,-6.336179,49.815824,978.452,27
13/02/1979 18:00,-3.682206,50.000985,981.219,27
14/02/1979 00:00,-1.213395,50.000985,985.233,27
14/02/1979 06:00,2.366382,50.000985,986.516,27
14/02/1979 12:00,6.069599,49.692383,988.472,27
11/12/1981 18:00,-49.546807,49.933946,989.918,28
12/12/1981 00:00,-45.352581,50.591864,988.869,28
12/12/1981 06:00,-44.118985,51.003062,985.932,28
12/12/1981 12:00,-43.378828,51.249781,984.921,28
12/12/1981 18:00,-31.858785,51.557471,986.033,28
13/12/1981 00:00,-18.460192,52.647857,982.017,28
13/12/1981 06:00,-15.034483,52.792282,973.891,28
13/12/1981 12:00,-10.894138,52.154418,968.751,28
13/12/1981 18:00,-5.773399,52.174877,969.061,28
14/12/1981 00:00,-0.988506,51.866174,974.257,28
14/12/1981 06:00,3.178982,52.637931,978.638,28
14/12/1981 12:00,7.36308,52.565617,982.665,28
14/12/1981 18:00,10.652668,52.812336,987.133,28
15/12/1981 00:00,14.271216,52.730096,989.52,28
28/01/1983 06:00,-74.712161,32.910324,1007.463,29
28/01/1983 12:00,-73.149606,34.472878,1005.333,29
28/01/1983 18:00,-70.929134,35.953193,1002.892,29
29/01/1983 00:00,-68.708661,36.611111,1002.212,29
29/01/1983 06:00,-65.830271,38.009186,1000.978,29
29/01/1983 12:00,-62.869641,38.502625,1001.77,29
29/01/1983 18:00,-59.415573,39.9007,1001.056,29
30/01/1983 00:00,-54.645669,42.367892,1001.213,29
30/01/1983 06:00,-50.533683,44.999563,1001.405,29
30/01/1983 12:00,-35.483815,49.769466,997.931,29
30/01/1983 18:00,-30.713911,51.332021,994.15,29
31/01/1983 00:00,-23.476815,53.799213,990.021,29
31/01/1983 06:00,-18.295713,54.53937,982.5,29
31/01/1983 12:00,-13.772528,56.266404,974.918,29
31/01/1983 18:00,-10.4007,57.253281,965.53,29
01/02/1983 00:00,-5.001642,57.268473,963.221,29
01/02/1983 06:00,0.246305,57.731527,960.209,29
01/02/1983 12:00,4.568144,57.114122,965.047,29
01/02/1983 18:00,9.994751,57.58224,969.785,29
02/02/1983 00:00,14.929134,56.924322,974.287,29
02/02/1983 06:00,18.629921,56.677603,978.917,29
15/12/1983 00:00,-19.858268,48.289151,989.963,30
15/12/1983 06:00,-16.897638,46.973316,984.88,30
15/12/1983 12:00,-14.019248,47.713473,980.084,30
15/12/1983 18:00,-12.127734,48.535871,976.842,30
16/12/1983 00:00,-11.330049,50.631363,977.483,30
16/12/1983 06:00,-11.330049,52.329228,977.639,30
16/12/1983 12:00,-13.336617,53.409688,977.983,30
16/12/1983 18:00,-15.034483,53.718391,977.939,30
17/12/1983 00:00,-16.732348,53.718391,979.455,30
17/12/1983 06:00,-17.349754,52.946634,978.836,30
17/12/1983 12:00,-17.967159,52.637931,977.289,30
17/12/1983 18:00,-20.022747,51.332021,973.285,30
18/12/1983 00:00,-16.733158,49.276028,966.846,30
18/12/1983 06:00,-12.621172,48.535871,961.717,30
18/12/1983 12:00,-10.4007,49.193788,960.677,30
18/12/1983 18:00,-9.167104,49.604987,961.732,30
19/12/1983 00:00,-8.097988,49.933946,964.881,30
19/12/1983 06:00,-6.699913,50.509624,967.904,30
19/12/1983 12:00,-5.548556,51.4965,972.19,30
19/12/1983 18:00,-5.137358,52.976815,976.045,30
20/12/1983 00:00,-5.219598,53.881452,977.344,30
19/11/1984 18:00,-57.770779,43.354768,999.142,31
20/11/1984 00:00,-53.000875,44.588364,991.655,31
20/11/1984 06:00,-48.683087,46.463875,986.685,31
20/11/1984 12:00,-42.045977,47.544335,981.328,31
20/11/1984 18:00,-38.773403,49.358268,974.56,31
21/11/1984 00:00,-36.470691,50.838583,968.254,31
21/11/1984 06:00,-33.83902,52.236658,960.038,31
21/11/1984 12:00,-31.454068,53.388014,959.431,31
21/11/1984 18:00,-27.228243,54.490148,958.642,31
22/11/1984 00:00,-23.986864,55.261905,958.956,31
22/11/1984 06:00,-19.973727,56.496716,957.434,31
22/11/1984 12:00,-15.960591,57.731527,956.968,31
22/11/1984 18:00,-13.954023,58.811987,955.666,31
23/11/1984 00:00,-13.114611,58.980315,957.583,31
23/11/1984 06:00,-12.045494,59.391514,959.805,31
23/11/1984 12:00,-10.565179,59.473753,963.677,31
23/11/1984 18:00,-8.262467,59.967192,965.09,31
24/11/1984 00:00,-5.384077,60.049431,967.603,31
24/11/1984 06:00,-1.914614,60.509852,971.38,31
24/11/1984 12:00,-0.038495,61.283027,975.253,31
24/11/1984 18:00,2.510936,62.434383,978.681,31
25/11/1984 00:00,5.142607,63.42126,982.762,31
25/11/1984 06:00,5.471566,64.737095,985.801,31
25/11/1984 12:00,4.978128,66.464129,989.297,31
25/11/1984 18:00,5.718285,67.862205,991.969,31
04/04/1985 00:00,-74.794401,44.094926,998.928,32
04/04/1985 06:00,-72.573928,44.670604,999.882,32
04/04/1985 12:00,-67.721785,43.848206,1002.281,32
04/04/1985 18:00,-62.540682,43.601487,1002.931,32
05/04/1985 00:00,-58.017498,43.272528,1004.022,32
05/04/1985 06:00,-52.671916,43.108049,1004.219,32
05/04/1985 12:00,-46.339458,42.77909,1002.153,32
05/04/1985 18:00,-40.171479,43.272528,997.745,32
06/04/1985 00:00,-35.154856,43.848206,993.354,32
06/04/1985 06:00,-30.713911,43.930446,989.139,32
06/04/1985 12:00,-24.912972,45.074713,988.428,32
06/04/1985 18:00,-19.047619,46.772578,984.795,32
07/04/1985 00:00,-14.348206,47.877953,981.755,32
07/04/1985 06:00,-11.330049,49.859606,980.024,32
07/04/1985 12:00,-8.706076,51.866174,981.19,32
07/04/1985 18:00,-6.699507,53.564039,982.539,32
08/04/1985 00:00,-4.150481,54.210411,983.6,32
08/04/1985 06:00,-2.094488,55.197288,984.982,32
08/04/1985 12:00,0.208224,55.855206,986.682,32
08/04/1985 18:00,2.181977,56.101925,989.152,32
09/04/1985 00:00,4.155731,56.266404,991.919,32
09/04/1985 06:00,4.649169,56.348644,994.547,32
09/04/1985 12:00,4.073491,56.266404,998.634,32
13/12/1989 00:00,-74.465442,34.966317,1007.979,33
13/12/1989 06:00,-72.16273,35.377515,1004.18,33
13/12/1989 12:00,-69.448819,35.870954,999.709,33
13/12/1989 18:00,-65.090114,36.611111,996.446,33
14/12/1989 00:00,-59.826772,37.680227,993.692,33
14/12/1989 06:00,-56.555008,38.283251,988.368,33
14/12/1989 12:00,-48.220033,38.437603,984.99,33
14/12/1989 18:00,-41.158355,38.255906,979.54,33
15/12/1989 00:00,-33.83902,40.147419,972.56,33
15/12/1989 06:00,-28.328959,41.545494,964.412,33
15/12/1989 12:00,-23.641295,43.765967,959.477,33
15/12/1989 18:00,-21.091864,45.65748,952.619,33
16/12/1989 00:00,-19.364829,46.973316,945.956,33
16/12/1989 06:00,-17.391076,47.960192,942.443,33
16/12/1989 12:00,-14.677165,49.193788,946.184,33
16/12/1989 18:00,-11.638752,50.940066,946.92,33
17/12/1989 00:00,-9.014778,52.48358,948.601,33
17/12/1989 06:00,-6.390805,54.181445,950.297,33
17/12/1989 12:00,-3.766831,55.570608,954.083,33
17/12/1989 18:00,-2.223317,57.268473,957.114,33
18/12/1989 00:00,-0.038495,58.240157,959.59,33
18/12/1989 06:00,2.252874,60.046798,962.055,33
18/12/1989 12:00,4.32021,61.694226,965.041,33
18/12/1989 18:00,6.869641,63.174541,968.977,33
19/12/1989 00:00,8.267717,64.572616,972.195,33
19/12/1989 06:00,8.596675,66.21741,972.274,33
19/12/1989 12:00,9.090114,67.451006,972.952,33
19/12/1989 18:00,11.475066,68.191164,972.714,33
20/12/1989 00:00,13.942257,69.424759,972.805,33
20/12/1989 06:00,15.340332,70.082677,972.768,33
20/12/1989 12:00,17.067367,70.493876,975.552,33
20/12/1989 18:00,18.95888,71.316273,978.226,33
24/02/1990 06:00,-70.764654,39.98294,996.812,34
24/02/1990 12:00,-67.639545,40.969816,991.915,34
24/02/1990 18:00,-61.471566,43.601487,988.404,34
25/02/1990 00:00,-54.39895,46.644357,988.318,34
25/02/1990 06:00,-43.872266,50.756343,988.532,34
25/02/1990 12:00,-34.908136,53.223535,982.631,34
25/02/1990 18:00,-20.845144,55.279528,975.799,34
26/02/1990 00:00,-9.989501,56.759843,963.888,34
26/02/1990 06:00,-3.245844,57.664479,955.763,34
26/02/1990 12:00,3.950739,57.731527,952.279,34
26/02/1990 18:00,11.513957,58.503284,953.529,34
27/02/1990 00:00,14.929134,60.131671,948.896,34
27/02/1990 06:00,17.725284,60.789589,947.58,34
27/02/1990 12:00,18.629921,61.200787,948.234,34
02/01/1991 12:00,-72.738408,34.966317,1022.258,35
02/01/1991 18:00,-71.422572,36.282152,1020.461,35
03/01/1991 00:00,-68.873141,37.926947,1018.992,35
03/01/1991 06:00,-63.938758,39.9007,1015.341,35
03/01/1991 12:00,-57.195101,41.627734,1011.697,35
03/01/1991 18:00,-50.862642,44.259405,1005.799,35
04/01/1991 00:00,-43.43514,47.081281,1000.314,35
04/01/1991 06:00,-36.059493,51.167542,986.807,35
04/01/1991 12:00,-29.315836,53.059055,976.223,35
04/01/1991 18:00,-23.641295,54.53937,967.206,35
05/01/1991 00:00,-18.460192,55.855206,958.604,35
05/01/1991 06:00,-15.006124,56.677603,954.842,35
05/01/1991 12:00,-11.021346,57.114122,954.56,35
05/01/1991 18:00,-7.111111,57.171041,958.715,35
06/01/1991 00:00,-1.930009,57.828959,963.574,35
06/01/1991 06:00,1.789819,58.348933,967.758,35
06/01/1991 12:00,6.705162,58.240157,972.55,35
06/01/1991 18:00,10.32371,59.720472,977.789,35
07/01/1991 00:00,15.175853,60.049431,979.74,35
07/01/1991 06:00,17.972003,60.789589,982.076,35
08/01/1993 12:00,-62.869641,40.805337,1015.32,36
08/01/1993 18:00,-58.181977,42.038933,1008.888,36
09/01/1993 00:00,-53.412073,43.848206,1005.56,36
09/01/1993 06:00,-44.859143,44.999563,1002.038,36
09/01/1993 12:00,-38.032841,47.698686,996.439,36
09/01/1993 18:00,-29.543514,50.631363,981.742,36
10/01/1993 00:00,-22.24322,54.70385,966.324,36
10/01/1993 06:00,-17.555556,57.911199,935.343,36
10/01/1993 12:00,-15.335083,60.625109,926.373,36
10/01/1993 18:00,-13.027915,62.053366,924.236,36
11/01/1993 00:00,-12.045494,62.516623,929.56,36
11/01/1993 06:00,-9.167104,63.25678,932.956,36
11/01/1993 12:00,-7.275591,63.5035,936.253,36
11/01/1993 18:00,-4.64392,64.079178,939.51,36
12/01/1993 00:00,-2.587927,64.572616,943.509,36
12/01/1993 06:00,-0.943132,65.066054,946.808,36
12/01/1993 12:00,0.866142,65.641732,951.945,36
12/01/1993 18:00,1.112861,65.477253,957.862,36
13/01/1993 00:00,2.839895,65.641732,962.676,36
13/01/1993 06:00,2.922135,66.135171,964.423,36
13/01/1993 12:00,3.086614,66.957568,967.407,36
13/01/1993 18:00,2.346457,67.451006,968.05,36
14/01/1993 00:00,1.112861,67.451006,967.036,36
14/01/1993 06:00,0.619423,67.615486,965.772,36
14/01/1993 12:00,2.099738,68.026684,968.605,36
14/01/1993 18:00,5.142607,68.355643,972.527,36
15/01/1993 00:00,8.596675,69.34252,977.355,36
15/01/1993 06:00,11.639545,69.918198,982.95,36
15/01/1993 12:00,13.366579,71.316273,987.027,36
19/02/1993 06:00,-38.444444,63.914698,1009.44,37
19/02/1993 12:00,-29.809274,66.464129,1007.552,37
19/02/1993 18:00,-22.489939,67.779965,999.735,37
20/02/1993 00:00,-10.48294,68.273403,992.316,37
20/02/1993 06:00,-3.149425,67.146962,984.172,37
20/02/1993 12:00,3.251094,64.654856,982.162,37
20/02/1993 18:00,9.419073,60.131671,984.639,37
21/02/1993 00:00,14.600175,56.266404,981.438,37
21/02/1993 06:00,17.396325,54.786089,982.236,37
21/02/1993 12:00,18.95888,53.716973,986.262,37
02/01/1998 12:00,-64.349956,44.999563,1013.402,38
02/01/1998 18:00,-57.606299,44.506124,1011.88,38
03/01/1998 00:00,-50.286964,45.164042,1011.289,38
03/01/1998 06:00,-41.891626,46.155172,1008.378,38
03/01/1998 12:00,-34.945813,46.309524,1002.444,38
03/01/1998 18:00,-27.588801,47.631234,991.989,38
04/01/1998 00:00,-20.845144,49.933946,988.663,38
04/01/1998 06:00,-11.716535,51.003062,972.7,38
04/01/1998 12:00,-4.808399,52.894576,970.796,38
04/01/1998 18:00,-0.038495,54.868329,972.637,38
05/01/1998 00:00,2.922135,55.772966,976.721,38
05/01/1998 06:00,6.047244,56.184164,981.61,38
05/01/1998 12:00,12.955381,57.088801,988.181,38
05/01/1998 18:00,16.16273,57.993438,989.919,38
22/12/1999 18:00,-41.27422,56.651067,981.874,39
23/12/1999 00:00,-36.552931,56.759843,978.75,39
23/12/1999 06:00,-25.03937,54.786089,975.044,39
23/12/1999 12:00,-19.28259,55.608486,970.91,39
23/12/1999 18:00,-14.677165,57.58224,963.963,39
24/12/1999 00:00,-12.045494,59.144794,958.946,39
24/12/1999 06:00,-8.591426,61.036308,957.329,39
24/12/1999 12:00,-5.310345,64.214286,957.25,39
24/12/1999 18:00,-5.877515,65.888451,955.018,39
25/12/1999 00:00,-8.097988,67.451006,955.077,39
25/12/1999 06:00,-11.387577,67.779965,955.597,39
25/12/1999 12:00,-14.183727,67.697725,958.519,39
25/12/1999 18:00,-20.351706,65.230534,961.292,39
26/12/1999 00:00,-20.516185,64.572616,961.32,39
26/12/1999 06:00,-19.11811,64.490376,960.744,39
26/12/1999 12:00,-18.460192,64.737095,963.159,39
26/12/1999 18:00,-17.555556,64.490376,965.822,39
27/12/1999 00:00,-15.910761,64.901575,968.992,39
30/01/2002 18:00,-53.083115,42.038933,1010.573,40
31/01/2002 00:00,-46.832896,42.86133,1006.392,40
31/01/2002 06:00,-40.171479,44.094926,995.904,40
31/01/2002 12:00,-33.55665,45.692118,983.747,40
31/01/2002 18:00,-27.536946,48.933498,963.646,40
01/02/2002 00:00,-22.654418,52.730096,953.418,40
01/02/2002 06:00,-18.295713,55.690726,944.133,40
01/02/2002 12:00,-17.473316,58.898075,941.317,40
01/02/2002 18:00,-16.404199,60.049431,939.443,40
02/02/2002 00:00,-16.404199,61.447507,942.763,40
02/02/2002 06:00,-16.733158,61.776465,943.662,40
02/02/2002 12:00,-15.335083,62.598863,948.998,40
02/02/2002 18:00,-13.608049,63.832458,955.202,40
03/02/2002 00:00,-9.825022,65.723972,962.408,40
03/02/2002 06:00,-6.699913,67.204287,965.445,40
03/02/2002 12:00,-3.410324,69.424759,969.342,40
03/02/2002 18:00,-1.60105,70.247157,970.797,40
04/02/2002 00:00,-0.367454,72.05643,969.246,40
04/02/2002 06:00,-0.860892,73.783465,969.064,40
04/02/2002 12:00,-2.094488,74.030184,970.065,40
04/02/2002 18:00,-2.916885,73.536745,973.605,40
05/02/2002 00:00,-4.314961,73.618985,977.14,40
05/02/2002 06:00,-6.535433,73.783465,979.417,40
05/02/2002 12:00,-9.331584,73.783465,981.292,40
05/02/2002 18:00,-10.4007,73.043307,982.888,40
06/02/2002 00:00,-11.552056,72.878828,985.334,40
06/02/2002 06:00,-10.729659,72.467629,988.927,40
06/02/2002 12:00,-10.48294,71.974191,991.688,40
06/02/2002 18:00,-10.729659,71.316273,995.582,40
07/02/2002 00:00,-10.894138,71.069554,996.893,40
24/10/2004 12:00,-51.43832,35.624234,998.688,41
24/10/2004 18:00,-47.984252,37.433508,995.259,41
25/10/2004 00:00,-45.188101,37.762467,996.382,41
25/10/2004 06:00,-43.132108,38.584864,996.441,41
25/10/2004 12:00,-39.76028,39.078303,999.226,41
25/10/2004 18:00,-35.254516,39.518062,997.611,41
26/10/2004 00:00,-30.87839,40.311899,997.182,41
26/10/2004 06:00,-26.437445,41.627734,991,41
26/10/2004 12:00,-21.009624,42.77909,986.475,41
26/10/2004 18:00,-16.404199,44.341645,978.293,41
27/10/2004 00:00,-13.772528,46.562117,972.063,41
27/10/2004 06:00,-11.793103,47.853038,963.948,41
27/10/2004 12:00,-10.894138,48.864829,964.55,41
27/10/2004 18:00,-10.729659,50.098425,963.816,41
28/10/2004 00:00,-10.31846,50.838583,966.779,41
28/10/2004 06:00,-11.058618,50.838583,968.59,41
28/10/2004 12:00,-11.223097,49.933946,969.511,41
28/10/2004 18:00,-9.496063,49.358268,971.721,41
29/10/2004 00:00,-8.097988,49.687227,974.615,41
29/10/2004 06:00,-7.111111,49.604987,978.717,41
29/10/2004 12:00,-6.699913,49.687227,983.321,41
29/10/2004 18:00,-6.864392,48.864829,986.859,41
30/10/2004 00:00,-6.041995,48.042432,989.766,41
30/10/2004 06:00,-5.877515,47.384514,994.893,41
08/01/2005 18:00,-74.629921,39.98294,1015.624,42
09/01/2005 00:00,-67.968504,40.311899,1012.908,42
09/01/2005 06:00,-62.869641,40.394138,1008.756,42
09/01/2005 12:00,-57.195101,40.558618,1006.169,42
09/01/2005 18:00,-51.52056,40.969816,1001.783,42
10/01/2005 00:00,-45.434821,41.792213,999.858,42
10/01/2005 06:00,-39.67804,43.437008,995.183,42
10/01/2005 12:00,-33.016623,45.328521,994.334,42
10/01/2005 18:00,-27.424322,47.960192,988.124,42
11/01/2005 00:00,-21.36289,51.557471,982.716,42
11/01/2005 06:00,-17.658456,54.027094,969.442,42
11/01/2005 12:00,-13.772528,57.5,962.753,42
11/01/2005 18:00,-10.31846,59.555993,955.303,42
12/01/2005 00:00,-7.769029,61.036308,954.159,42
12/01/2005 06:00,-3.821522,61.858705,956.074,42
12/01/2005 12:00,0.619423,63.092301,962.839,42
12/01/2005 18:00,4.813648,63.914698,968.362,42
13/01/2005 00:00,10.981627,64.819335,977.078,42
13/01/2005 06:00,15.372742,64.986043,982.979,42
13/01/2005 12:00,18.794401,64.325897,988.792,42
28/10/2005 18:00,-71.751531,33.568241,1015.467,43
29/10/2005 00:00,-69.03762,35.048556,1012.775,43
29/10/2005 06:00,-67.557305,36.693351,1009.841,43
29/10/2005 12:00,-65.501312,38.255906,1007.135,43
29/10/2005 18:00,-63.774278,39.653981,1003.342,43
30/10/2005 00:00,-62.540682,40.640857,1000.548,43
30/10/2005 06:00,-61.389326,41.792213,997.791,43
30/10/2005 12:00,-59.991251,42.69685,998.863,43
30/10/2005 18:00,-56.208224,43.519248,997.44,43
31/10/2005 00:00,-51.924466,44.148604,995.398,43
31/10/2005 06:00,-44.978654,45.074713,991.327,43
31/10/2005 12:00,-41.119869,45.383415,987.195,43
31/10/2005 18:00,-37.704287,45.328521,982.044,43
01/11/2005 00:00,-33.92126,45.904199,977.35,43
01/11/2005 06:00,-30.220472,46.644357,974.798,43
01/11/2005 12:00,-26.610837,47.544335,973.857,43
01/11/2005 18:00,-23.832512,48.316092,973.11,43
02/11/2005 00:00,-21.208539,48.779146,974.466,43
02/11/2005 06:00,-20.022747,49.276028,973.39,43
02/11/2005 12:00,-17.062117,49.851706,976.606,43
02/11/2005 18:00,-14.512686,50.591864,979.199,43
03/11/2005 00:00,-11.387577,52.072178,981.084,43
03/11/2005 06:00,-8.262467,54.292651,983.627,43
03/11/2005 12:00,-6.535433,56.348644,986.266,43
03/11/2005 18:00,-3.986002,57.828959,988.349,43
04/11/2005 00:00,-1.43657,58.651356,991.314,43
04/11/2005 06:00,0.043745,60.213911,993.939,43
04/11/2005 12:00,1.524059,61.611986,997.479,43
04/11/2005 18:00,2.264217,61.858705,999.927,43
07/11/2007 06:00,-33.674541,62.927822,1007.185,44
07/11/2007 12:00,-28.657918,63.33902,1004.898,44
07/11/2007 18:00,-16.733158,64.572616,998.199,44
08/11/2007 00:00,-9.002625,63.092301,989.943,44
08/11/2007 06:00,-2.094488,62.516623,978.49,44
08/11/2007 12:00,3.580052,62.352143,977.549,44
08/11/2007 18:00,7.856518,61.200787,978.07,44
09/11/2007 00:00,10.570429,59.720472,979.246,44
09/11/2007 06:00,14.600175,58.404637,982.368,44
09/11/2007 12:00,16.573928,58.322397,985.728,44
09/11/2007 18:00,17.889764,58.404637,987.754,44
10/11/2007 00:00,18.95888,58.240157,988.715,44
08/03/2008 00:00,-74.794401,37.433508,1009.354,45
08/03/2008 06:00,-72.08049,40.805337,1007.389,45
08/03/2008 12:00,-65.830271,44.835083,1007.917,45
08/03/2008 18:00,-55.714786,49.111549,1006.829,45
09/03/2008 00:00,-43.790026,53.223535,998.964,45
09/03/2008 06:00,-34.990376,56.677603,979.99,45
09/03/2008 12:00,-27.671041,55.772966,963.315,45
09/03/2008 18:00,-19.529309,54.868329,953.85,45
10/03/2008 00:00,-14.262726,54.335796,947.54,45
10/03/2008 06:00,-9.167104,53.799213,951.636,45
10/03/2008 12:00,-5.137358,53.552493,958.538,45
10/03/2008 18:00,-2.258968,54.292651,964.268,45
11/03/2008 00:00,-0.943132,55.855206,969.692,45
23/03/2010 12:00,-74.300962,40.147419,1002.386,46
23/03/2010 18:00,-70.188976,40.723097,999.078,46
24/03/2010 00:00,-68.873141,41.627734,994.449,46
24/03/2010 06:00,-67.639545,42.614611,991.085,46
24/03/2010 12:00,-65.665792,43.272528,990.945,46
24/03/2010 18:00,-62.705162,44.752843,988.28,46
25/03/2010 00:00,-61.060367,46.397638,988.344,46
25/03/2010 06:00,-58.757655,46.562117,989.082,46
25/03/2010 12:00,-54.892388,46.479878,992.311,46
25/03/2010 18:00,-50.369204,45.73972,992.268,46
26/03/2010 00:00,-46.750656,45.575241,992.642,46
26/03/2010 06:00,-43.790026,45.73972,992.012,46
26/03/2010 12:00,-42.227472,45.73972,994.362,46
26/03/2010 18:00,-40.582677,45.246282,996.22,46
27/03/2010 00:00,-39.266842,44.999563,998.685,46
27/03/2010 06:00,-38.279965,44.506124,999.354,46
27/03/2010 12:00,-35.237095,43.354768,1002.54,46
27/03/2010 18:00,-31.865267,43.601487,1003.178,46
28/03/2010 00:00,-27.835521,45.081802,1004.066,46
28/03/2010 06:00,-24.710411,45.328521,1001.138,46
28/03/2010 12:00,-22.07874,46.644357,999.205,46
28/03/2010 18:00,-19.11811,47.384514,996.011,46
29/03/2010 00:00,-16.568679,48.371391,992.072,46
29/03/2010 06:00,-13.27909,49.440507,987.315,46
29/03/2010 12:00,-11.552056,49.851706,986.366,46
29/03/2010 18:00,-9.167104,50.674103,986.887,46
30/03/2010 00:00,-6.206474,51.414261,987.315,46
30/03/2010 06:00,-4.314961,52.894576,985.558,46
30/03/2010 12:00,-3.986002,53.716973,983.849,46
30/03/2010 18:00,-2.423447,54.210411,983.627,46
31/03/2010 00:00,-1.272091,53.634733,984.784,46
31/03/2010 06:00,-0.449694,53.881452,984.287,46
31/03/2010 12:00,0.043745,54.70385,986.376,46
31/03/2010 18:00,1.195101,55.361767,989.633,46
01/04/2010 00:00,1.688539,57.088801,992.535,46
01/04/2010 06:00,0.043745,59.884952,993.884,46
01/04/2010 12:00,-0.696413,61.529746,994.818,46
01/04/2010 18:00,-1.68329,62.681102,994.761,46
02/04/2010 00:00,-2.587927,63.174541,995.112,46
02/04/2010 06:00,-2.587927,64.572616,995.514,46
02/04/2010 12:00,-2.916885,66.052931,996.973,46
02/04/2010 18:00,-7.275591,69.26028,993,46
03/04/2010 00:00,-9.496063,70.000437,993.374,46
03/04/2010 06:00,-11.716535,70.000437,994.519,46
03/04/2010 12:00,-14.019248,70.000437,997.883,46
03/04/2010 18:00,-15.499563,69.753718,1001.943,46
10/12/2012 18:00,-74.712161,46.233158,997.793,47
11/12/2012 00:00,-71.833771,45.986439,997.694,47
11/12/2012 06:00,-65.007874,47.220035,996.149,47
11/12/2012 12:00,-60.32021,48.947069,992.988,47
11/12/2012 18:00,-53.46798,50.631363,992.647,47
12/12/2012 00:00,-47.602627,52.174877,990.893,47
12/12/2012 06:00,-42.200328,53.409688,986.587,47
12/12/2012 12:00,-38.937883,53.305774,977.935,47
12/12/2012 18:00,-35.71757,53.718391,967.27,47
13/12/2012 00:00,-34.0035,54.045932,961.586,47
13/12/2012 06:00,-34.332458,54.70385,957.791,47
13/12/2012 12:00,-34.990376,54.70385,956.461,47
13/12/2012 18:00,-34.332458,54.292651,956.824,47
14/12/2012 00:00,-32.687664,53.634733,959.026,47
14/12/2012 06:00,-31.125109,53.634733,958.732,47
14/12/2012 12:00,-31.04287,53.963692,962.713,47
14/12/2012 18:00,-29.315836,53.552493,964.286,47
15/12/2012 00:00,-29.644794,53.716973,967.511,47
15/12/2012 06:00,-28.657918,53.470254,971.866,47
04/12/2013 12:00,-32.852143,60.46063,1010.284,48
04/12/2013 18:00,-22.818898,61.200787,1002.856,48
05/12/2013 00:00,-11.881015,60.54287,994.794,48
05/12/2013 06:00,0.043745,59.967192,978.079,48
05/12/2013 12:00,8.185477,59.967192,967.325,48
05/12/2013 18:00,13.448819,58.815836,963.585,48
06/12/2013 00:00,17.231846,58.486877,963.532,48
06/12/2013 06:00,18.95888,58.322397,965.522,48
31/12/2013 12:00,-66.981627,36.446632,1014.323,49
31/12/2013 18:00,-61.965004,38.255906,1009.603,49
01/01/2014 00:00,-55.632546,39.325022,1004.865,49
01/01/2014 06:00,-48.806649,40.969816,1001.383,49
01/01/2014 12:00,-42.309711,44.094926,996.209,49
01/01/2014 18:00,-37.375328,47.055556,989.167,49
02/01/2014 00:00,-31.618548,47.220035,983.361,49
02/01/2014 06:00,-26.190726,49.933946,973.651,49
02/01/2014 12:00,-21.585302,51.4965,967.401,49
02/01/2014 18:00,-17.062117,53.470254,961.127,49
03/01/2014 00:00,-14.512686,55.279528,958.727,49
03/01/2014 06:00,-12.621172,56.759843,956.608,49
03/01/2014 12:00,-9.331584,58.651356,956.607,49
03/01/2014 18:00,-7.111111,60.049431,957.713,49
04/01/2014 00:00,-6.370954,61.447507,963.88,49
04/01/2014 06:00,-7.275591,62.434383,967.686,49
04/01/2014 12:00,-7.111111,63.5035,972.998,49
04/01/2014 18:00,-6.206474,64.654856,975.424,49
05/01/2014 00:00,-5.219598,66.135171,979.103,49
05/01/2014 06:00,-5.137358,67.122047,982.584,49
05/01/2014 12:00,-6.535433,68.108924,984.715,49
05/01/2014 18:00,-7.933508,68.766842,984.888,49
03/01/2014 00:00,-74.712161,37.269029,1002.367,50
03/01/2014 06:00,-69.860017,38.255906,992.901,50
03/01/2014 12:00,-64.761155,39.9007,985.828,50
03/01/2014 18:00,-58.839895,41.627734,979.953,50
04/01/2014 00:00,-53.494313,44.012686,974.292,50
04/01/2014 06:00,-47.984252,47.055556,962.426,50
04/01/2014 12:00,-43.790026,49.687227,947.186,50
04/01/2014 18:00,-40.664917,50.345144,937.423,50
05/01/2014 00:00,-36.71741,51.003062,939.146,50
05/01/2014 06:00,-32.194226,51.414261,942.051,50
05/01/2014 12:00,-27.671041,51.4965,947.052,50
05/01/2014 18:00,-22.983377,52.072178,949.431,50
06/01/2014 00:00,-19.858268,54.045932,951.618,50
06/01/2014 06:00,-16.897638,55.197288,953.907,50
06/01/2014 12:00,-14.841645,57.006562,956.755,50
06/01/2014 18:00,-12.785652,58.075678,959.763,50
07/01/2014 00:00,-10.48294,59.062555,963.045,50
07/01/2014 06:00,-8.591426,60.37839,966.984,50
07/01/2014 12:00,-6.206474,61.529746,972.117,50
07/01/2014 18:00,-4.150481,62.681102,976.168,50
08/01/2014 00:00,-2.423447,63.174541,980.336,50
08/01/2014 06:00,-0.778653,63.585739,983.759,50
08/01/2014 12:00,-0.531934,63.5035,988.865,50
08/01/2014 18:00,1.27734,63.25678,991.617,50
09/01/2014 00:00,0.372703,63.010061,994.231,50
09/01/2014 06:00,0.948381,62.105424,992.919,50
09/01/2014 12:00,0.866142,61.529746,992.623,50
29/01/2014 00:00,-73.807524,32.581365,1015.418,51
29/01/2014 06:00,-70.024497,35.377515,1011.18,51
29/01/2014 12:00,-64.432196,38.831584,1009.337,51
29/01/2014 18:00,-61.553806,41.052056,1003.838,51
30/01/2014 00:00,-53.494313,44.506124,997.973,51
30/01/2014 06:00,-44.515599,48.161741,989.626,51
30/01/2014 12:00,-37.622047,51.332021,981.916,51
30/01/2014 18:00,-30.315271,54.490148,973.378,51
31/01/2014 00:00,-26.437445,56.184164,960.81,51
31/01/2014 06:00,-23.805774,57.253281,952.98,51
31/01/2014 12:00,-22.736658,57.41776,947.789,51
31/01/2014 18:00,-20.351706,57.335521,947.431,51
01/02/2014 00:00,-17.226597,56.513123,952.135,51
01/02/2014 06:00,-12.785652,55.526247,956.27,51
01/02/2014 12:00,-9.014778,56.188013,960.026,51
01/02/2014 18:00,-5.92775,57.731527,964.552,51
02/02/2014 00:00,-7.00821,59.892447,967.183,51
02/02/2014 06:00,-7.316913,60.972906,967.177,51
02/02/2014 12:00,-7.275591,61.447507,969.663,51
02/02/2014 18:00,-5.384077,64.325897,973.074,51
03/02/2014 00:00,-3.410324,66.710849,976.85,51
03/02/2014 06:00,-1.45156,69.307882,978.593,51
03/02/2014 12:00,0.619423,71.398513,982.433,51
03/02/2014 18:00,2.675416,72.467629,987.451,51
04/02/2014 00:00,3.826772,74.276903,992.609,51
04/02/2014 06:00,6.047244,75.01706,996.478,51
04/02/2014 12:00,6.869641,76.250656,999.527,51
31/01/2014 18:00,-62.951881,59.391514,987.207,52
01/02/2014 00:00,-58.922135,59.638233,984.997,52
01/02/2014 06:00,-55.385827,60.213911,985.25,52
01/02/2014 12:00,-50.380952,59.892447,987.272,52
01/02/2014 18:00,-38.495895,58.503284,987.934,52
02/02/2014 00:00,-32.939245,58.657635,983.293,52
02/02/2014 06:00,-26.456486,56.95977,981.193,52
02/02/2014 12:00,-21.585302,56.266404,977.806,52
02/02/2014 18:00,-19.973727,56.342365,971.826,52
03/02/2014 00:00,-18.624672,56.595363,967.733,52
03/02/2014 06:00,-17.658456,58.348933,962.545,52
03/02/2014 12:00,-20.927384,59.144794,957.36,52
03/02/2014 18:00,-22.736658,59.391514,954.198,52
04/02/2014 00:00,-24.874891,59.720472,954.156,52
04/02/2014 06:00,-27.228243,59.892447,952.963,52
04/02/2014 12:00,-27.845649,59.892447,954.973,52
04/02/2014 18:00,-28.463054,60.046798,957.672,52
05/02/2014 00:00,-28.308703,60.818555,961.507,52
05/02/2014 06:00,-29.234811,60.818555,962.457,52
05/02/2014 12:00,-29.852217,60.664204,963.303,52
05/02/2014 18:00,-30.778325,61.127258,964.524,52
06/02/2014 00:00,-32.784893,61.435961,966.003,52
06/02/2014 06:00,-34.945813,61.281609,967.408,52
06/02/2014 12:00,-40.006999,60.789589,968.612,52
06/02/2014 18:00,-42.967629,60.37839,969.497,52
12/02/2014 12:00,-53.741032,38.173666,1015.37,53
12/02/2014 18:00,-50.615923,38.502625,1008.359,53
13/02/2014 00:00,-44.530184,39.571741,1000.984,53
13/02/2014 06:00,-38.855643,40.394138,988.795,53
13/02/2014 12:00,-30.713911,42.86133,985.183,53
13/02/2014 18:00,-24.710411,44.670604,976.782,53
14/02/2014 00:00,-19.693788,46.891076,970.755,53
14/02/2014 06:00,-14.417077,49.2422,964.366,53
14/02/2014 12:00,-11.021346,51.40312,960.949,53
14/02/2014 18:00,-8.097988,52.730096,959.38,53
15/02/2014 00:00,-3.986002,54.950569,961.388,53
15/02/2014 06:00,-0.525452,57.577176,962.698,53
15/02/2014 12:00,1.326765,58.811987,966.061,53
15/02/2014 18:00,3.086614,60.37839,969.094,53
16/02/2014 00:00,5.307087,62.105424,972.539,53
16/02/2014 06:00,7.500821,63.288177,974.356,53
16/02/2014 12:00,9.198686,65.294745,977.108,53
16/02/2014 18:00,8.925634,66.628609,979.225,53
17/02/2014 00:00,8.267717,66.875328,982.165,53
17/02/2014 06:00,10.734908,67.039808,985.493,53
17/02/2014 12:00,16.144499,71.31445,989.117,53
17/02/2014 18:00,16.916256,72.39491,991.796,53
18/02/2014 00:00,15.340332,72.961067,994.397,53
18/02/2014 06:00,13.613298,72.878828,995.902,53
18/02/2014 12:00,10.817148,72.13867,998.002,53
18/02/2014 18:00,10.32371,70.822835,1001.544,53
19/02/2014 00:00,9.501312,70.411636,1002.792,53
19/02/2014 06:00,7.527559,69.671479,1004.352,53