NUTS level,NUTS code,Region name,1997,1998,1999,2000,2001,2002,2003,2004,2005,2006,2007,2008,2009,2010,2011,2012,2013,2014,2015,2016,2017,2018
UK,UK,United Kingdom,629710,646171,677867,722570,749490,774354,798125,832706,872321,913886,966115,999635,1023136,1041998,1065842,1113975,1159717,1204789,1271767,1294482,1332156,1402367
Other,UK0,England,538146,553034,581018,619168,642119,662276,682113,711051,745425,780997,826343,853748,875103,890863,910307,953358,994127,1034327,1095728,1116811,1148982,1209637
NUTS1,UKC,North East,23869,24002,24805,26281,27269,27879,28623,29855,30632,31826,32864,33689,35229,36012,36663,38281,39115,40190,41620,42110,43280,45171
NUTS2,UKC1,Tees Valley and Durham,10633,10617,11063,11725,12199,12430,12669,13248,13683,14203,14627,14970,15589,15969,16261,16945,17254,17855,18430,18596,19162,19923
NUTS3,UKC11,Hartlepool and Stockton-on-Tees,2498,2490,2635,2786,2905,3017,3102,3240,3373,3522,3625,3737,3876,3965,4086,4223,4261,4416,4529,4567,4767,5008
NUTS3,UKC12,South Teesside,2572,2477,2593,2746,2859,2868,2910,3020,3121,3247,3298,3361,3527,3561,3635,3854,3901,4073,4176,4198,4303,4371
NUTS3,UKC13,Darlington,953,948,958,1041,1119,1140,1164,1205,1246,1283,1363,1375,1453,1465,1462,1527,1573,1600,1667,1731,1779,1827
NUTS3,UKC14,Durham CC,4610,4701,4877,5152,5316,5405,5493,5784,5943,6151,6341,6497,6733,6977,7077,7340,7519,7766,8059,8100,8314,8717
NUTS2,UKC2,Northumberland and Tyne and Wear,13236,13385,13741,14556,15070,15449,15954,16607,16949,17622,18237,18718,19640,20044,20403,21336,21862,22335,23189,23514,24118,25248
NUTS3,UKC21,Northumberland,3163,3204,3373,3605,3726,3819,4004,4120,4246,4501,4644,4933,5246,5238,5308,5504,5631,5739,5925,6033,6222,6546
NUTS3,UKC22,Tyneside,7586,7715,7794,8194,8524,8733,8993,9447,9549,9881,10232,10389,10897,11226,11436,12010,12290,12616,13172,13276,13552,14263
NUTS3,UKC23,Sunderland,2487,2466,2574,2757,2821,2897,2957,3040,3154,3240,3361,3396,3497,3580,3660,3822,3941,3980,4093,4204,4343,4439
NUTS1,UKD,North West,66529,67685,71050,74944,77140,79717,82423,85539,88896,92186,96409,98467,102293,103844,105751,109709,113059,116498,122311,123687,127608,133897
NUTS2,UKD1,Cumbria,4878,5090,5235,5454,5808,5919,6216,6537,6790,7093,7434,7566,7898,8103,8181,8530,8785,9022,9397,9467,9752,10185
NUTS3,UKD11,West Cumbria,2145,2226,2289,2437,2566,2562,2671,2814,2888,3040,3251,3311,3419,3519,3578,3749,3816,3916,4101,4120,4228,4400
NUTS3,UKD12,East Cumbria,2733,2864,2947,3017,3242,3357,3544,3723,3902,4052,4183,4255,4479,4584,4603,4781,4969,5106,5296,5347,5524,5785
NUTS2,UKD3,Greater Manchester,24261,24626,26159,27628,28299,29158,29910,30909,32088,33387,34876,35587,36852,37491,38332,39861,41133,42431,44618,45255,46798,49250
NUTS3,UKD33,Manchester,2993,3110,3396,3613,3762,3992,4127,4308,4595,4820,5064,5235,5532,5681,5893,6142,6384,6614,7117,7327,7686,8140
NUTS3,UKD34,Greater Manchester South West,5227,5267,5517,5802,5854,6015,6183,6389,6632,6870,7158,7316,7482,7548,7721,8008,8227,8482,9142,9315,9716,10399
NUTS3,UKD35,Greater Manchester South East,4971,5032,5361,5658,5761,5921,6081,6203,6414,6665,6942,7087,7396,7552,7740,8016,8254,8577,9021,9240,9502,10013
NUTS3,UKD36,Greater Manchester North West,5597,5652,5965,6292,6465,6623,6779,7041,7255,7553,7896,8009,8253,8395,8531,8875,9114,9289,9455,9440,9755,10136
NUTS3,UKD37,Greater Manchester North East,5474,5565,5920,6264,6456,6607,6740,6966,7192,7480,7817,7941,8189,8315,8446,8821,9155,9469,9883,9934,10139,10562
NUTS2,UKD4,Lancashire,13472,13677,14190,15122,15658,16059,16541,17204,18002,18637,19485,19998,20837,21073,21502,21993,22505,23144,24255,24535,25213,26400
NUTS3,UKD41,Blackburn with Darwen,1175,1186,1242,1261,1294,1301,1356,1400,1486,1542,1580,1587,1638,1705,1710,1741,1756,1815,1878,1893,1946,2047
NUTS3,UKD42,Blackpool,1393,1402,1416,1533,1545,1560,1539,1569,1602,1642,1721,1750,1825,1857,1919,1935,1960,2010,2079,2123,2158,2227
NUTS3,UKD44,Lancaster and Wyre,2192,2237,2329,2497,2606,2702,2806,2919,3054,3159,3292,3374,3558,3593,3661,3759,3886,3992,4121,4156,4320,4477
NUTS3,UKD45,Mid Lancashire,3889,3939,4083,4359,4532,4657,4836,5050,5286,5480,5719,5858,6098,6134,6245,6392,6491,6720,7065,7167,7389,7759
NUTS3,UKD46,East Lancashire,2688,2743,2858,3036,3150,3225,3296,3442,3617,3758,3971,4131,4287,4321,4397,4479,4626,4690,4905,5003,5118,5375
NUTS3,UKD47,Chorley and West Lancashire,2135,2171,2262,2435,2531,2614,2708,2825,2957,3056,3201,3298,3430,3463,3570,3687,3786,3918,4206,4192,4283,4516
NUTS2,UKD6,Cheshire,9765,9958,10491,11038,11306,11958,12627,13208,13744,14225,14897,15252,15700,15799,16066,16817,17452,18138,19256,19294,19962,21020
NUTS3,UKD61,Warrington,1970,2019,2130,2309,2415,2471,2543,2689,2774,2887,3075,3106,3168,3226,3328,3522,3578,3738,4012,3981,4069,4252
NUTS3,UKD62,Cheshire East,4254,4348,4564,4750,4833,5160,5486,5681,5927,6146,6407,6582,6783,6813,6939,7226,7622,7954,8519,8529,8809,9338
NUTS3,UKD63,Cheshire West and Chester,3542,3591,3796,3979,4057,4327,4599,4838,5043,5193,5415,5564,5749,5760,5799,6068,6252,6446,6726,6784,7083,7429
NUTS2,UKD7,Merseyside,14154,14334,14975,15702,16070,16624,17129,17681,18272,18844,19717,20064,21007,21377,21670,22508,23184,23763,24784,25136,25884,27042
NUTS3,UKD71,East Merseyside,3724,3777,3985,4304,4496,4612,4748,4954,5178,5360,5656,5787,6010,6086,6183,6378,6534,6700,7018,7175,7341,7659
NUTS3,UKD72,Liverpool,3863,3862,4065,4257,4420,4562,4689,4889,5032,5287,5492,5502,5788,5950,6077,6335,6559,6794,7133,7248,7488,7842
NUTS3,UKD73,Sefton,3272,3332,3413,3412,3334,3454,3550,3650,3791,3847,3974,4049,4283,4335,4374,4552,4689,4724,4936,4987,5163,5384
NUTS3,UKD74,Wirral,3294,3363,3512,3729,3819,3996,4143,4189,4271,4349,4595,4726,4926,5006,5036,5243,5403,5545,5697,5726,5892,6157
NUTS1,UKE,Yorkshire and The Humber,47922,49317,51707,54477,56136,58124,60014,62297,64694,67202,70505,71875,74051,74963,76986,79725,82013,84566,88579,89307,92171,96796
NUTS2,UKE1,East Yorkshire and Northern Lincolnshire,8112,8315,8811,9229,9448,9839,10215,10667,11080,11474,12015,12211,12529,12693,13144,13498,13662,14036,14674,14824,15314,16060
NUTS3,UKE11,"Kingston upon Hull, City of",1946,1998,2100,2273,2366,2433,2454,2522,2600,2627,2730,2818,2938,2965,3059,3151,3198,3308,3428,3487,3562,3657
NUTS3,UKE12,East Riding of Yorkshire,3284,3350,3652,3777,3793,3996,4205,4441,4673,4891,5069,5149,5302,5379,5533,5665,5738,5892,6231,6247,6495,6911
NUTS3,UKE13,North and North East Lincolnshire,2882,2967,3058,3180,3290,3410,3556,3704,3807,3955,4216,4245,4289,4349,4552,4681,4726,4836,5014,5090,5258,5491
NUTS2,UKE2,North Yorkshire,8312,8844,9158,9379,9788,10267,10620,10897,11558,12264,12834,13151,13746,13746,14131,14759,15131,15435,16303,16386,16860,17888
NUTS3,UKE21,York,1837,1970,2122,2209,2331,2440,2488,2453,2536,2672,2842,2873,3005,3056,3145,3312,3427,3580,3760,3786,3942,4151
NUTS3,UKE22,North Yorkshire CC,6475,6873,7036,7169,7456,7827,8132,8443,9021,9593,9992,10278,10741,10690,10986,11447,11704,11855,12543,12600,12918,13737
NUTS2,UKE3,South Yorkshire,11464,11698,12336,13027,13539,13955,14394,14979,15434,15918,16581,16911,17500,17790,18269,18976,19558,20382,21162,21378,22103,23206
NUTS3,UKE31,"Barnsley, Doncaster and Rotherham",6634,6787,7181,7639,7898,8130,8433,8678,9014,9371,9838,9957,10257,10492,10841,11280,11674,12158,12598,12725,13140,13782
NUTS3,UKE32,Sheffield,4830,4911,5155,5389,5641,5825,5961,6302,6420,6547,6743,6954,7243,7297,7428,7696,7884,8224,8564,8652,8963,9424
NUTS2,UKE4,West Yorkshire,20033,20461,21402,22842,23361,24063,24786,25754,26622,27546,29076,29602,30275,30734,31442,32493,33662,34713,36441,36719,37894,39643
NUTS3,UKE41,Bradford,4373,4424,4637,4944,4944,5109,5206,5472,5598,5772,6083,6238,6418,6473,6613,6827,7083,7350,7685,7701,7912,8229
NUTS3,UKE42,Leeds,7284,7404,7735,8291,8547,8761,8969,9193,9551,9866,10415,10643,10839,11005,11333,11666,12059,12404,13030,13231,13714,14392
NUTS3,UKE44,Calderdale and Kirklees,5468,5625,5890,6263,6429,6621,6879,7197,7446,7730,8165,8278,8481,8628,8853,9204,9557,9854,10347,10331,10593,11110
NUTS3,UKE45,Wakefield,2909,3008,3141,3343,3441,3572,3732,3891,4027,4178,4412,4443,4537,4628,4642,4796,4963,5105,5378,5456,5676,5912
NUTS1,UKF,East Midlands,40635,41634,43706,45987,47880,49603,51859,54173,56420,58737,62713,64013,65479,66169,68176,71021,73478,76247,80276,81088,84165,87804
NUTS2,UKF1,Derbyshire and Nottinghamshire,18511,19103,20120,21004,21945,22800,23760,24793,25641,26693,28340,28963,29653,29729,30392,31680,32927,34124,35981,36328,37412,38965
NUTS3,UKF11,Derby,2147,2175,2278,2292,2392,2505,2571,2687,2714,2905,3006,3008,3189,3144,3174,3378,3499,3681,3834,3863,3960,4106
NUTS3,UKF12,East Derbyshire,2301,2378,2547,2660,2868,2965,3027,3140,3258,3435,3642,3644,3708,3732,3830,3982,4077,4194,4466,4425,4558,4773
NUTS3,UKF13,South and West Derbyshire,4398,4556,4837,5123,5329,5557,5976,6276,6573,6844,7243,7430,7545,7606,7946,8237,8647,8870,9459,9598,9842,10317
NUTS3,UKF14,Nottingham,2315,2375,2464,2546,2570,2649,2714,2725,2832,2912,3066,3152,3199,3255,3319,3455,3670,3806,4017,4151,4278,4350
NUTS3,UKF15,North Nottinghamshire,3788,3947,4151,4432,4612,4817,4998,5312,5478,5628,6064,6245,6426,6429,6503,6714,6897,7207,7644,7670,7907,8347
NUTS3,UKF16,South Nottinghamshire,3563,3672,3843,3951,4173,4308,4474,4652,4786,4969,5319,5483,5586,5563,5622,5914,6136,6365,6562,6621,6867,7073
NUTS2,UKF2,"Leicestershire, Rutland and Northamptonshire",15876,16084,16850,17892,18537,19135,20011,20887,21828,22814,24477,24819,25308,25667,26661,27823,28735,29856,31584,31941,33405,34896
NUTS3,UKF21,Leicester,2428,2373,2470,2606,2672,2776,2866,2987,3062,3176,3377,3377,3520,3658,3734,3908,4019,4165,4369,4507,4641,4713
NUTS3,UKF22,Leicestershire CC and Rutland,6978,7089,7445,7828,8102,8413,8854,9256,9615,9942,10547,10700,10968,11113,11436,11849,12178,12622,13285,13296,13916,14576
NUTS3,UKF24,West Northamptonshire,3671,3756,3934,4232,4410,4510,4671,4846,5114,5417,5898,5955,5975,6033,6459,6785,7021,7316,7803,7942,8345,8756
NUTS3,UKF25,North Northamptonshire,2799,2865,3001,3226,3353,3435,3621,3798,4038,4279,4655,4788,4845,4863,5032,5281,5517,5752,6128,6196,6503,6851
NUTS2,UKF3,Lincolnshire,6248,6447,6735,7090,7398,7668,8088,8493,8951,9230,9896,10231,10518,10773,11123,11518,11816,12267,12711,12819,13348,13942
NUTS3,UKF30,Lincolnshire,6248,6447,6735,7090,7398,7668,8088,8493,8951,9230,9896,10231,10518,10773,11123,11518,11816,12267,12711,12819,13348,13942
NUTS1,UKG,West Midlands,51916,53723,55781,58781,60850,62760,64420,66783,68659,71553,74221,76766,78941,80377,82363,85190,88300,91908,96850,99285,102028,107526
NUTS2,UKG1,"Herefordshire, Worcestershire and Warwickshire",13425,14082,14587,15431,16152,16770,17324,18106,18817,19830,20460,21225,21729,21857,22465,23260,24213,25230,26839,27746,28324,29941
NUTS3,UKG11,"Herefordshire, County of",1718,1819,1874,1996,2112,2185,2275,2384,2461,2629,2716,2847,2947,3029,3137,3232,3367,3435,3617,3658,3717,3934
NUTS3,UKG12,Worcestershire,5941,6286,6477,6738,7030,7323,7482,7878,8288,8763,8914,9163,9360,9334,9570,9900,10334,10767,11412,11669,11966,12710
NUTS3,UKG13,Warwickshire,5767,5978,6236,6697,7010,7262,7568,7844,8067,8438,8831,9215,9422,9494,9758,10128,10513,11029,11810,12418,12641,13296
NUTS2,UKG2,Shropshire and Staffordshire,14752,15348,15945,16629,17182,17745,18405,18959,19681,20668,21613,22483,23025,23375,23916,24681,25546,26384,27810,28196,29142,30694
NUTS3,UKG21,Telford and Wrekin,1516,1574,1621,1632,1639,1720,1813,1909,1922,2019,2117,2153,2213,2275,2378,2480,2545,2627,2779,2859,2935,3028
NUTS3,UKG22,Shropshire CC,2950,3140,3210,3351,3438,3569,3737,3918,4038,4316,4499,4789,4966,5012,5148,5273,5395,5570,5908,6066,6336,6678
NUTS3,UKG23,Stoke-on-Trent,2052,2059,2194,2271,2265,2302,2364,2446,2594,2646,2797,2854,2923,2985,3083,3193,3311,3393,3528,3600,3735,3962
NUTS3,UKG24,Staffordshire CC,8235,8576,8919,9375,9840,10154,10491,10686,11127,11686,12199,12687,12923,13104,13306,13736,14295,14794,15595,15671,16136,17026
NUTS2,UKG3,West Midlands,23739,24293,25250,26721,27517,28245,28690,29719,30161,31056,32148,33058,34187,35145,35982,37249,38540,40294,42201,43344,44562,46891
NUTS3,UKG31,Birmingham,8775,8976,9326,9915,10188,10467,10663,11067,11237,11673,12054,12416,12815,13235,13542,14010,14394,15128,15810,16202,16510,17442
NUTS3,UKG32,Solihull,2437,2506,2610,2776,3020,3124,3175,3250,3338,3396,3510,3592,3642,3679,3797,3931,4182,4352,4642,4722,4870,5189
NUTS3,UKG33,Coventry,2755,2768,2889,3126,3240,3323,3324,3445,3434,3507,3720,3841,3979,4110,4233,4379,4555,4742,4969,5173,5398,5631
NUTS3,UKG36,Dudley,2950,3028,3148,3303,3355,3408,3467,3616,3677,3795,3889,3956,4133,4259,4330,4504,4645,4801,4996,5105,5209,5413
NUTS3,UKG37,Sandwell,2365,2419,2517,2648,2696,2763,2826,2945,2999,3080,3170,3262,3412,3524,3617,3760,3860,4055,4268,4380,4496,4717
NUTS3,UKG38,Walsall,2283,2355,2439,2536,2561,2640,2676,2760,2801,2865,2962,3052,3178,3251,3332,3447,3590,3772,3929,4047,4222,4420
NUTS3,UKG39,Wolverhampton,2174,2240,2321,2417,2457,2520,2559,2635,2675,2741,2844,2938,3028,3087,3132,3217,3316,3444,3586,3715,3858,4079
NUTS1,UKH,East of England,59927,61446,64520,69046,72123,74802,76594,79302,83328,86553,91134,95014,98416,99924,102034,106671,111033,115709,122791,125930,130528,137698
NUTS2,UKH1,East Anglia,22201,22805,23882,25639,26646,27666,28362,29571,31396,32474,34246,35913,37117,38030,38845,40644,42005,43731,46151,47082,48613,51141
NUTS3,UKH11,Peterborough,1551,1587,1717,1830,1876,1931,1952,2002,2115,2260,2405,2482,2526,2610,2671,2786,2896,3067,3239,3352,3473,3612
NUTS3,UKH12,Cambridgeshire CC,6186,6453,6875,7264,7406,7800,7939,8380,9093,9555,9993,10317,10613,10827,10982,11526,12083,12771,13438,13827,14334,15253
NUTS3,UKH14,Suffolk,6731,6840,7100,7800,8127,8452,8708,9124,9619,9930,10420,11090,11532,11679,11844,12379,12746,13186,13953,14267,14773,15460
NUTS3,UKH15,Norwich and East Norfolk,3274,3333,3438,3647,3837,3931,4041,4159,4347,4394,4668,4897,5058,5240,5410,5646,5804,5949,6310,6207,6330,6625
NUTS3,UKH16,North and West Norfolk,2172,2238,2316,2479,2631,2716,2798,2882,3041,3091,3293,3483,3650,3800,3929,4103,4200,4320,4505,4553,4660,4861
NUTS3,UKH17,Breckland and South Norfolk,2287,2353,2435,2619,2769,2837,2924,3023,3182,3245,3466,3642,3738,3875,4010,4204,4276,4439,4706,4876,5043,5329
NUTS2,UKH2,Bedfordshire and Hertfordshire,19382,19983,20767,22453,23536,24305,24857,25516,26618,27918,29537,30542,31732,32152,32774,34383,36334,38065,40505,41662,43221,45566
NUTS3,UKH21,Luton,1688,1637,1738,1854,1964,2034,2078,2113,2175,2221,2319,2378,2467,2573,2654,2767,2844,2990,3118,3319,3460,3481
NUTS3,UKH23,Hertfordshire,13350,13963,14368,15642,16520,16931,17329,17772,18519,19530,20788,21468,22336,22436,22821,24005,25479,26759,28501,29137,30234,32063
NUTS3,UKH24,Bedford,1599,1616,1715,1825,1854,1955,1999,2069,2181,2270,2371,2476,2565,2645,2717,2800,2913,3045,3285,3416,3569,3773
NUTS3,UKH25,Central Bedfordshire,2745,2768,2947,3132,3197,3385,3451,3562,3743,3898,4059,4220,4363,4498,4583,4812,5098,5273,5601,5790,5958,6250
NUTS2,UKH3,Essex,18344,18658,19871,20954,21942,22830,23375,24216,25314,26161,27351,28560,29567,29742,30414,31644,32694,33913,36135,37186,38693,40990
NUTS3,UKH31,Southend-on-Sea,1757,1791,1880,1986,2074,2172,2229,2239,2317,2393,2504,2588,2703,2788,2843,2939,3065,3192,3388,3464,3594,3843
NUTS3,UKH32,Thurrock,1372,1417,1471,1521,1600,1717,1798,1860,1937,2017,2129,2230,2313,2370,2413,2502,2582,2737,2884,3018,3137,3274
NUTS3,UKH34,Essex Haven Gateway,4171,4281,4634,4920,5186,5425,5569,5825,6132,6341,6644,6957,7252,7280,7483,7804,8112,8365,8826,9065,9396,9894
NUTS3,UKH35,West Essex,3506,3575,3788,4014,4166,4277,4334,4516,4759,4917,5143,5388,5505,5496,5674,5945,6149,6372,7024,7147,7481,7992
NUTS3,UKH36,Heart of Essex,3830,3842,4082,4302,4487,4633,4731,4897,5095,5261,5478,5706,5889,5895,5983,6213,6408,6712,7106,7371,7706,8190
NUTS3,UKH37,Essex Thames Gateway,3708,3752,4017,4211,4428,4606,4713,4880,5074,5231,5455,5691,5905,5914,6019,6243,6377,6534,6908,7120,7379,7797
NUTS1,UKI,London,92039,95975,103335,112994,118031,121119,126089,133177,142924,151341,164657,172285,174116,178200,180742,194554,207417,219132,236406,242469,246417,261562
NUTS2,UKI3,Inner London - West,19189,20241,22171,25101,26001,26129,26897,28938,32145,35141,39356,42000,42409,41280,40476,43970,48912,52394,56025,56520,57067,61386
NUTS3,UKI31,Camden and City of London,3512,3862,4240,4838,4998,5028,5157,5579,6308,6920,7750,8394,8485,8214,8122,8888,9912,10447,11381,11794,11762,12843
NUTS3,UKI32,Westminster,3813,4044,4496,5118,5353,5435,5623,6087,6808,7452,8273,8847,8980,8789,8741,9588,10671,11460,12674,12906,13190,14004
NUTS3,UKI33,Kensington & Chelsea and Hammersmith & Fulham,8252,8307,8910,9948,10226,10187,10470,11182,12164,13218,14747,15742,15784,15313,14893,16139,18000,19334,20237,19768,19924,21620
NUTS3,UKI34,Wandsworth,3613,4028,4525,5197,5424,5480,5648,6091,6865,7551,8587,9016,9160,8965,8720,9354,10329,11153,11733,12051,12191,12920
NUTS2,UKI4,Inner London - East,18730,19654,21551,23804,24837,25688,26690,28332,30678,33187,36192,37810,38753,40719,41746,44870,47378,50373,55025,57013,58333,62129
NUTS3,UKI41,Hackney and Newham,2682,2995,3407,3963,4277,4547,4845,5237,5819,6422,7097,7499,7851,8256,8554,9214,9947,10553,11542,12222,12568,13339
NUTS3,UKI42,Tower Hamlets,2419,2502,2722,2983,3124,3247,3375,3567,3835,4119,4477,4691,4859,5104,5227,5601,5959,6345,6934,7367,7559,8244
NUTS3,UKI43,Haringey and Islington,5942,6091,6550,7085,7265,7475,7662,8049,8590,9242,10051,10498,10636,11053,11352,12207,12590,13352,14379,14361,14625,15545
NUTS3,UKI44,Lewisham and Southwark,4810,5067,5566,6131,6395,6566,6832,7277,7902,8538,9263,9606,9810,10419,10566,11338,12018,12829,13874,14314,14732,15548
NUTS3,UKI45,Lambeth,2878,3000,3306,3643,3775,3852,3976,4202,4532,4865,5305,5514,5597,5886,6048,6510,6864,7295,8295,8750,8850,9452
NUTS2,UKI5,Outer London - East and North East,17346,17787,18697,19976,21245,21913,22873,23910,24966,25837,27815,28933,29338,30330,30991,33165,34499,36084,38791,40331,41285,43443
NUTS3,UKI51,Bexley and Greenwich,5453,5505,5765,6109,6435,6618,6883,7175,7444,7695,8206,8475,8581,8866,9017,9536,9898,10410,11038,11602,11902,12567
NUTS3,UKI52,Barking & Dagenham and Havering,3954,4090,4313,4594,4898,5049,5278,5505,5727,5899,6343,6605,6716,6923,7086,7580,7881,8154,8700,9061,9205,9712
NUTS3,UKI53,Redbridge and Waltham Forest,5014,5155,5429,5811,6213,6452,6747,7067,7411,7694,8316,8655,8780,9123,9350,10086,10527,11013,12020,12408,12874,13607
NUTS3,UKI54,Enfield,2925,3036,3189,3463,3699,3793,3965,4163,4384,4550,4950,5197,5261,5418,5539,5963,6193,6507,7033,7260,7304,7557
NUTS2,UKI6,Outer London - South,14574,15090,16108,17424,18087,18548,19478,20613,21762,22497,24015,24660,24499,25229,25920,27736,29078,30164,32279,33131,33376,35336
NUTS3,UKI61,Bromley,4075,4222,4501,4838,5000,5119,5394,5726,6042,6249,6634,6769,6688,6871,7080,7585,7883,8320,8921,9157,9302,9771
NUTS3,UKI62,Croydon,3380,3532,3791,4127,4356,4513,4779,5077,5369,5563,5988,6176,6206,6379,6593,7053,7391,7598,8150,8383,8588,9155
NUTS3,UKI63,"Merton, Kingston upon Thames and Sutton",7119,7336,7816,8459,8731,8916,9305,9809,10351,10685,11393,11715,11605,11979,12247,13099,13804,14246,15208,15591,15486,16410
NUTS2,UKI7,Outer London - West and North West,22200,23204,24809,26689,27862,28842,30151,31384,33374,34678,37277,38883,39117,40641,41609,44813,47549,50117,54286,55474,56356,59269
NUTS3,UKI71,Barnet,3845,4112,4394,4804,5020,5206,5470,5734,6154,6432,6978,7275,7256,7572,7782,8468,8912,9558,10629,11044,11320,12088
NUTS3,UKI72,Brent,2749,2921,3152,3425,3634,3788,3957,4108,4405,4616,4997,5277,5426,5635,5809,6287,6724,7123,7654,7776,7863,8304
NUTS3,UKI73,Ealing,3799,3934,4229,4526,4723,4890,5108,5284,5574,5748,6138,6423,6478,6764,6891,7420,7957,8403,9055,9195,9296,9653
NUTS3,UKI74,Harrow and Hillingdon,5160,5435,5831,6274,6590,6884,7261,7583,8093,8365,8992,9362,9383,9731,9967,10737,11381,11842,12752,13098,13452,14119
NUTS3,UKI75,Hounslow and Richmond upon Thames,6647,6801,7202,7661,7895,8074,8355,8675,9146,9517,10173,10546,10574,10940,11160,11901,12575,13191,14197,14361,14425,15105
NUTS1,UKJ,South East,101560,104064,108539,115846,119529,123438,125368,130547,136887,144355,152861,157507,161326,163881,167703,175420,183231,189582,201414,205743,212087,222113
NUTS2,UKJ1,"Berkshire, Buckinghamshire and Oxfordshire",28119,28820,29971,32232,33002,33982,34569,35896,37485,39929,42406,43747,44611,44957,46039,48150,50233,52289,55939,57299,59001,62161
NUTS3,UKJ11,Berkshire,10907,11165,11504,12404,12540,12882,13106,13420,14080,14809,16023,16537,16703,16840,17295,18113,19015,19614,20836,21422,21891,22846
NUTS3,UKJ12,Milton Keynes,2223,2297,2417,2598,2703,2892,2991,3178,3358,3525,3768,3939,4008,4189,4294,4429,4593,4792,5153,5321,5552,5833
NUTS3,UKJ13,Buckinghamshire CC,7112,7283,7634,8125,8481,8638,8724,9085,9465,10244,10789,11110,11415,11460,11646,12101,12570,13184,14131,14613,15143,16244
NUTS3,UKJ14,Oxfordshire,7877,8075,8416,9105,9277,9570,9747,10213,10582,11351,11826,12161,12485,12469,12804,13507,14055,14700,15820,15943,16415,17237
NUTS2,UKJ2,"Surrey, East and West Sussex",35008,36264,37879,40031,41232,42490,43046,44596,47251,50062,52788,54093,55007,56154,57423,60151,63278,65267,69354,70691,72728,76091
NUTS3,UKJ21,Brighton and Hove,2947,2992,3127,3347,3476,3619,3660,3808,4054,4159,4361,4568,4763,4800,4925,5091,5312,5490,5875,6002,6259,6516
NUTS3,UKJ22,East Sussex CC,5697,5838,6130,6488,6753,6971,7153,7370,7736,8117,8790,9100,9287,9668,9707,10050,10597,10861,11438,11844,12179,12689
NUTS3,UKJ25,West Surrey,11289,11767,12388,12933,13177,13558,13621,14084,14971,16125,16898,17207,17464,17724,18162,19166,20272,21019,22389,22565,23072,24214
NUTS3,UKJ26,East Surrey,5467,5742,6023,6316,6434,6642,6707,6939,7432,8032,8468,8645,8659,8789,9039,9544,10006,10336,11056,11188,11462,12061
NUTS3,UKJ27,West Sussex (South West),4541,4766,4917,5308,5574,5762,5879,6135,6498,6802,7138,7300,7467,7653,7896,8270,8686,8908,9526,9737,10067,10578
NUTS3,UKJ28,West Sussex (North East),5067,5160,5293,5639,5818,5938,6026,6260,6560,6828,7133,7273,7367,7521,7694,8030,8406,8652,9070,9355,9688,10032
NUTS2,UKJ3,Hampshire and Isle of Wight,20537,20909,21759,23256,24169,25076,25477,26622,27651,28778,30510,31595,32655,33112,33883,35459,36723,37793,40004,40687,42008,43875
NUTS3,UKJ31,Portsmouth,1776,1784,1878,2029,2024,2110,2155,2198,2234,2270,2383,2470,2621,2680,2734,2774,2891,2981,3213,3311,3389,3506
NUTS3,UKJ32,Southampton,2055,2056,2090,2236,2331,2434,2483,2586,2653,2773,2944,3006,3101,3152,3233,3340,3450,3562,3737,3914,4071,4296
NUTS3,UKJ34,Isle of Wight,1254,1295,1344,1426,1542,1587,1622,1705,1812,1903,2004,2061,2159,2207,2239,2273,2313,2342,2414,2439,2517,2599
NUTS3,UKJ35,South Hampshire,4428,4527,4758,5057,5309,5569,5669,5929,6160,6405,6802,7064,7338,7446,7624,8067,8439,8667,9035,9063,9422,9698
NUTS3,UKJ36,Central Hampshire,6583,6749,7019,7552,7842,8093,8202,8620,9016,9436,10011,10401,10667,10785,11068,11634,11919,12307,13139,13454,13846,14463
NUTS3,UKJ37,North Hampshire,4440,4499,4670,4956,5121,5284,5345,5584,5776,5990,6366,6592,6770,6841,6985,7371,7711,7934,8466,8505,8762,9313
NUTS2,UKJ4,Kent,17896,18071,18930,20327,21127,21889,22277,23432,24500,25586,27156,28071,29053,29658,30358,31660,32996,34233,36117,37066,38350,39986
NUTS3,UKJ41,Medway,2624,2617,2737,2917,3035,3132,3179,3337,3458,3579,3793,3908,4068,4132,4225,4364,4478,4632,4894,5024,5119,5247
NUTS3,UKJ43,Kent Thames Gateway,3159,3211,3388,3622,3774,3948,4036,4214,4388,4576,4869,5038,5236,5347,5471,5700,5943,6181,6520,6802,7155,7510
NUTS3,UKJ44,East Kent,4134,4250,4522,4877,5117,5384,5532,5846,6177,6451,6875,7132,7505,7707,7953,8312,8653,8953,9397,9648,9966,10386
NUTS3,UKJ45,Mid Kent,2994,3016,3147,3384,3531,3629,3692,3888,4061,4249,4509,4657,4788,4887,4988,5217,5478,5672,5907,6108,6355,6642
NUTS3,UKJ46,West Kent,4986,4976,5136,5528,5670,5796,5837,6148,6415,6731,7111,7336,7456,7585,7722,8068,8444,8796,9399,9484,9755,10201
NUTS1,UKK,South West,53748,55188,57576,60813,63161,64834,66723,69379,72985,77245,80980,84132,85252,87492,89890,92785,96480,100495,105481,107192,110699,117071
NUTS2,UKK1,"Gloucestershire, Wiltshire and Bath/Bristol area",24598,25187,26496,28068,28972,29580,30374,31525,33236,35157,36842,38284,38711,39633,40798,42210,44216,46350,48991,49893,51470,54609
NUTS3,UKK11,"Bristol, City of",4039,4091,4277,4555,4727,4787,4906,5119,5320,5605,5932,6135,6192,6427,6670,6849,7174,7524,8005,8333,8671,9125
NUTS3,UKK12,"Bath and North East Somerset, North Somerset and South Gloucestershire",7081,7371,7790,8057,8176,8323,8637,8879,9322,9934,10399,10887,10937,11165,11476,11935,12508,13035,14030,14176,14599,15581
NUTS3,UKK13,Gloucestershire,6555,6638,6977,7428,7680,7750,7838,8252,8879,9385,9763,10140,10266,10504,10744,11118,11655,12342,12904,13083,13481,14289
NUTS3,UKK14,Swindon,1959,2054,2184,2315,2419,2531,2591,2654,2776,2913,3052,3179,3292,3311,3413,3532,3653,3829,3979,4096,4211,4396
NUTS3,UKK15,Wiltshire,4963,5033,5268,5712,5971,6188,6403,6622,6938,7319,7696,7944,8024,8226,8494,8776,9226,9620,10073,10205,10507,11217
NUTS2,UKK2,Dorset and Somerset,13225,13703,14262,15029,15680,16015,16621,17305,18127,19279,20220,20936,20915,21683,22354,22959,23766,24709,25824,26050,26916,28520
NUTS3,UKK21,Bournemouth and Poole,3419,3500,3679,3927,4051,4133,4214,4381,4605,4866,5157,5297,5235,5445,5628,5798,6056,6238,6620,6696,6914,7376
NUTS3,UKK22,Dorset CC,4491,4704,4862,5135,5337,5492,5727,5911,6175,6614,6897,7126,7127,7363,7630,7852,8137,8459,8790,8860,9143,9709
NUTS3,UKK23,Somerset,5315,5500,5722,5967,6293,6390,6681,7013,7347,7798,8166,8514,8553,8875,9096,9309,9573,10012,10414,10495,10859,11435
NUTS2,UKK3,Cornwall and Isles of Scilly,4800,4949,5055,5389,5734,5987,6147,6407,6703,7070,7439,7675,7874,8140,8406,8683,8882,9155,9499,9778,10126,10550
NUTS3,UKK30,Cornwall and Isles of Scilly,4800,4949,5055,5389,5734,5987,6147,6407,6703,7070,7439,7675,7874,8140,8406,8683,8882,9155,9499,9778,10126,10550
NUTS2,UKK4,Devon,11125,11349,11763,12327,12774,13252,13580,14142,14920,15739,16480,17237,17752,18036,18332,18933,19617,20280,21167,21471,22188,23391
NUTS3,UKK41,Plymouth,2278,2310,2374,2509,2547,2621,2708,2801,2908,3039,3201,3319,3401,3582,3661,3725,3829,3958,4091,4124,4345,4619
NUTS3,UKK42,Torbay,1247,1260,1324,1451,1469,1501,1553,1616,1718,1788,1833,1918,1955,1994,2020,2080,2153,2244,2294,2356,2440,2500
NUTS3,UKK43,Devon CC,7600,7779,8065,8367,8759,9131,9319,9725,10294,10912,11445,12000,12396,12461,12651,13128,13635,14078,14782,14991,15403,16273
NUTS1,UKL,Wales,27317,27549,28824,30859,31961,33139,34449,35962,37135,38552,40037,41871,42064,42941,44032,45594,46399,47798,49267,49518,51210,53669
NUTS2,UKL1,West Wales and The Valleys,17082,17178,17836,18919,19684,20359,21136,22073,22845,23642,24512,25629,25781,26211,26804,27844,28364,29140,29931,30024,30880,32293
NUTS3,UKL11,Isle of Anglesey,657,677,689,727,733,755,795,841,864,872,922,979,997,1020,1050,1078,1112,1127,1153,1154,1185,1232
NUTS3,UKL12,Gwynedd,1049,1051,1103,1148,1217,1278,1305,1387,1439,1526,1556,1577,1611,1648,1671,1717,1749,1805,1865,1867,1914,2018
NUTS3,UKL13,Conwy and Denbighshire,2063,2083,2130,2255,2345,2452,2535,2650,2788,2828,2913,3056,3044,3091,3203,3315,3353,3449,3520,3504,3587,3734
NUTS3,UKL14,South West Wales,3243,3295,3409,3476,3638,3833,4036,4210,4473,4775,4906,5174,5240,5370,5537,5765,5850,5980,6101,6096,6280,6541
NUTS3,UKL15,Central Valleys,2392,2345,2450,2664,2830,2957,3033,3195,3322,3410,3552,3662,3670,3752,3790,3932,4017,4115,4248,4294,4481,4744
NUTS3,UKL16,Gwent Valleys,2935,2937,3113,3393,3451,3519,3678,3815,3861,3898,4086,4210,4191,4280,4448,4642,4739,4813,4990,5073,5192,5358
NUTS3,UKL17,Bridgend and Neath Port Talbot,2591,2614,2675,2896,2969,2976,3096,3221,3311,3434,3603,3741,3748,3801,3826,3990,4107,4223,4357,4378,4527,4782
NUTS3,UKL18,Swansea,2152,2175,2267,2360,2501,2589,2658,2753,2788,2899,2973,3228,3280,3248,3279,3404,3436,3628,3696,3659,3714,3883
NUTS2,UKL2,East Wales,10235,10371,10989,11940,12277,12780,13313,13889,14290,14910,15525,16243,16284,16730,17228,17751,18035,18658,19336,19494,20330,21376
NUTS3,UKL21,Monmouthshire and Newport,2185,2185,2337,2579,2676,2819,2898,2962,3073,3209,3422,3562,3486,3559,3703,3851,3872,4036,4184,4266,4446,4676
NUTS3,UKL22,Cardiff and Vale of Glamorgan,4252,4370,4618,4925,5043,5276,5517,5750,5878,6188,6414,6739,6838,7025,7185,7359,7473,7727,8022,8051,8398,8782
NUTS3,UKL23,Flintshire and Wrexham,2641,2667,2802,3094,3169,3252,3394,3545,3636,3737,3858,4006,4015,4126,4288,4421,4555,4723,4919,4973,5188,5496
NUTS3,UKL24,Powys,1156,1149,1232,1342,1389,1434,1504,1632,1702,1777,1831,1935,1944,2020,2053,2120,2135,2173,2211,2203,2298,2423
NUTS1,UKM,Scotland,49678,50882,52738,56299,58731,61181,62983,66018,68834,72225,76817,80468,81969,83654,86170,89093,92169,94655,97713,98527,100991,106433
NUTS2,UKM5,North Eastern Scotland,4920,4994,4963,5313,5552,5777,5894,6330,6867,7286,7880,8344,8611,8883,9407,9839,10489,10835,10842,10225,10120,10586
NUTS3,UKM50,Aberdeen City and Aberdeenshire,4920,4994,4963,5313,5552,5777,5894,6330,6867,7286,7880,8344,8611,8883,9407,9839,10489,10835,10842,10225,10120,10586
NUTS2,UKM6,Highlands and Islands,3897,3976,4068,4300,4502,4724,4844,5086,5341,5820,6226,6952,7194,7404,7446,7750,7997,8133,8436,8504,8650,9078
NUTS3,UKM61,Caithness and Sutherland and Ross and Cromarty,877,897,920,960,1006,1064,1082,1125,1193,1282,1318,1390,1459,1495,1535,1619,1682,1663,1722,1734,1765,1842
NUTS3,UKM62,"Inverness and Nairn and Moray, Badenoch and Strathspey",1561,1588,1647,1722,1802,1875,1926,2010,2082,2334,2549,3036,3069,3169,3145,3286,3425,3529,3670,3696,3787,3993
NUTS3,UKM63,"Lochaber, Skye and Lochalsh, Arran and Cumbrae and Argyll and Bute",845,866,862,954,1013,1080,1111,1169,1241,1341,1414,1514,1574,1605,1602,1649,1667,1679,1732,1764,1780,1864
NUTS3,UKM64,Na h-Eileanan Siar,242,246,244,252,265,279,287,300,320,313,348,363,379,395,402,406,411,423,453,446,457,481
NUTS3,UKM65,Orkney Islands,158,170,180,173,183,191,195,219,228,252,286,307,331,348,368,383,389,390,390,394,398,417
NUTS3,UKM66,Shetland Islands,214,209,214,238,233,236,244,264,277,297,311,342,382,391,393,406,423,450,469,470,463,480
NUTS2,UKM7,Eastern Scotland,18200,18790,19619,20961,21936,22812,23607,24835,25762,27034,28724,29837,30187,30759,32007,33205,34345,35249,36536,37205,38541,40729
NUTS3,UKM71,Angus and Dundee City,2454,2483,2553,2732,2863,2994,3024,3136,3184,3316,3549,3802,3814,3808,3931,4042,4234,4359,4462,4500,4552,4793
NUTS3,UKM72,Clackmannanshire and Fife,3600,3739,3873,4138,4294,4526,4675,4919,5084,5145,5595,5885,6020,6136,6274,6483,6756,6898,7180,7302,7525,7937
NUTS3,UKM73,East Lothian and Midlothian,1688,1746,1849,1957,1995,2064,2233,2403,2527,2634,2790,2948,3004,3150,3249,3344,3535,3677,3809,3827,4045,4310
NUTS3,UKM75,City of Edinburgh,5436,5637,5930,6316,6612,6872,7005,7248,7579,8026,8313,8528,8673,8857,9319,9776,9991,10259,10703,10964,11406,12119
NUTS3,UKM76,Falkirk,1260,1293,1390,1454,1544,1615,1694,1782,1873,1988,2124,2219,2207,2207,2311,2423,2487,2514,2593,2669,2759,2945
NUTS3,UKM77,Perth and Kinross and Stirling,2473,2540,2555,2714,2872,2878,3019,3316,3433,3702,3881,3961,3995,4055,4310,4437,4548,4635,4785,4858,5039,5296
NUTS3,UKM78,West Lothian,1290,1352,1468,1649,1755,1863,1957,2030,2082,2223,2471,2494,2473,2546,2612,2700,2794,2907,3006,3085,3215,3327
NUTS2,UKM8,West Central Scotland,14052,14315,15058,16107,16752,17321,17733,18204,18826,19558,20702,21527,21896,22095,22507,23160,23752,24511,25473,26036,26763,28291
NUTS3,UKM81,"East Dunbartonshire, West Dunbartonshire and Helensburgh and Lomond",2191,2255,2506,2709,2773,2879,2920,2992,3124,3273,3396,3553,3608,3675,3749,3860,3924,3996,4178,4250,4393,4657
NUTS3,UKM82,Glasgow City,5348,5425,5667,6021,6266,6525,6718,6858,6982,7286,7780,7982,8176,8213,8382,8643,8790,9098,9427,9788,10147,10740
NUTS3,UKM83,"Inverclyde, East Renfrewshire and Renfrewshire",3672,3733,3874,4155,4363,4421,4495,4613,4801,4996,5220,5475,5543,5572,5633,5790,6016,6157,6477,6488,6580,6927
NUTS3,UKM84,North Lanarkshire,2841,2902,3011,3223,3350,3496,3600,3741,3920,4004,4306,4517,4569,4635,4742,4867,5022,5261,5391,5510,5642,5967
NUTS2,UKM9,Southern Scotland,8608,8806,9031,9618,9988,10546,10904,11563,12037,12528,13285,13808,14081,14513,14804,15139,15586,15926,16426,16557,16917,17749
NUTS3,UKM91,Scottish Borders,1018,1062,1082,1168,1215,1272,1378,1472,1544,1623,1716,1805,1845,1896,1933,1930,2015,2120,2162,2209,2251,2333
NUTS3,UKM92,Dumfries and Galloway,1393,1429,1451,1519,1562,1632,1692,1789,1826,1931,2065,2191,2277,2309,2342,2412,2463,2516,2599,2639,2656,2750
NUTS3,UKM93,East Ayrshire and North Ayrshire mainland,2139,2157,2188,2365,2514,2655,2738,2900,3003,3109,3323,3392,3458,3604,3653,3716,3878,3953,4053,4045,4136,4350
NUTS3,UKM94,South Ayrshire,1094,1113,1156,1213,1283,1333,1407,1488,1529,1617,1665,1746,1780,1835,1890,1958,2010,2038,2071,2097,2118,2231
NUTS3,UKM95,South Lanarkshire,2964,3045,3155,3353,3413,3654,3689,3915,4134,4247,4515,4674,4721,4868,4985,5123,5220,5300,5541,5567,5757,6084
NUTS1,UKN,Northern Ireland,14569,14706,15287,16244,16679,17757,18580,19676,20927,22112,22918,23548,23999,24540,25332,25929,27022,28009,29059,29626,30973,32627
NUTS2,UKN0,Northern Ireland,14569,14706,15287,16244,16679,17757,18580,19676,20927,22112,22918,23548,23999,24540,25332,25929,27022,28009,29059,29626,30973,32627
NUTS3,UKN06,Belfast,3350,3375,3444,3616,3650,3808,3817,3916,4000,4168,4238,4467,4584,4652,4723,4816,5014,5100,5222,5242,5427,5711
NUTS3,UKN07,"Armagh City, Banbridge and Craigavon",1456,1479,1536,1607,1680,1797,1894,2044,2195,2376,2506,2571,2608,2694,2783,2814,2980,3169,3283,3283,3449,3648
NUTS3,UKN08,"Newry, Mourne and Down",1260,1275,1338,1409,1453,1550,1651,1771,1930,2067,2142,2195,2226,2273,2369,2410,2511,2591,2615,2682,2818,2977
NUTS3,UKN09,Ards and North Down,1389,1402,1459,1565,1614,1719,1777,1854,1962,2068,2159,2230,2266,2306,2376,2441,2545,2592,2668,2756,2921,3082
NUTS3,UKN10,Derry City and Strabane,994,1007,1065,1122,1171,1286,1374,1480,1619,1698,1732,1740,1779,1839,1896,1946,2012,2083,2100,2141,2207,2313
NUTS3,UKN11,Mid Ulster,898,910,959,1016,1043,1107,1210,1325,1438,1544,1614,1631,1654,1706,1789,1821,1904,2024,2117,2204,2355,2485
NUTS3,UKN12,Causeway Coast and Glens,904,911,958,1024,1098,1213,1292,1382,1525,1612,1637,1629,1689,1754,1850,1885,1953,2032,2199,2288,2417,2556
NUTS3,UKN13,Antrim and Newtownabbey,1187,1196,1246,1352,1371,1459,1520,1602,1683,1761,1863,1930,1959,1981,2052,2117,2203,2282,2325,2305,2363,2453
NUTS3,UKN14,Lisburn and Castlereagh,1174,1172,1218,1334,1363,1439,1501,1578,1669,1738,1830,1892,1929,1970,2026,2118,2224,2313,2509,2606,2714,2889
NUTS3,UKN15,Mid and East Antrim,1162,1171,1213,1314,1316,1405,1476,1561,1646,1744,1828,1886,1912,1938,1988,2052,2133,2235,2326,2355,2451,2578
NUTS3,UKN16,Fermanagh and Omagh,794,807,851,886,919,975,1067,1163,1258,1335,1368,1378,1392,1427,1479,1511,1542,1589,1693,1764,1851,1936
NA,NA,NA,NA,NA,NA,NA,NA,NA,NA,NA,NA,NA,NA,NA,NA,NA,NA,NA,NA,NA,NA,NA,NA,NA
1 Components may not sum to totals as a result of rounding.,NA,NA,NA,NA,NA,NA,NA,NA,NA,NA,NA,NA,NA,NA,NA,NA,NA,NA,NA,NA,NA,NA,NA,NA
2 Provisional.,NA,NA,NA,NA,NA,NA,NA,NA,NA,NA,NA,NA,NA,NA,NA,NA,NA,NA,NA,NA,NA,NA,NA,NA
